DATETIME,TIME,LON,LAT,SSH,wave_power,wind_speed,weather_condition,ocean_state_forecast,swell_height,safe_zone
31-Dec-21,44194.5,85.5262,13.8188,10.5149,76.86574387,17.96513908,cloudy,1.216768434,1.736808745,1
01-Jan-22,44195.5,85.5262,13.8188,10.504,78.1244206,8.447727242,stormy,0.080397383,1.366609367,0
02-Jan-22,44196.5,85.5262,13.8188,10.5145,79.36681753,22.44789127,stormy,1.523791584,1.297134427,0
03-Jan-22,44197.5,85.5262,13.8188,10.516,80.64054254,17.26232478,clear,0.199177297,2.653517954,1
04-Jan-22,44198.5,85.5262,13.8188,10.5363,81.95386708,8.144077671,clear,0.793501852,0.991832166,1
05-Jan-22,44199.5,85.5262,13.8188,10.5382,83.31158205,24.24676115,stormy,0.207237575,0.901044264,1
06-Jan-22,44200.5,85.5262,13.8188,10.5349,84.6624328,15.36730927,cloudy,1.674148892,1.032946323,0
07-Jan-22,44201.5,85.5262,13.8188,10.5305,86.02230515,6.457969037,stormy,1.100604787,2.062556369,1
08-Jan-22,44202.5,85.5262,13.8188,10.5269,87.32352172,17.53665809,clear,1.38191024,2.527327139,0
09-Jan-22,44203.5,85.5262,13.8188,10.536,88.52361953,10.06397814,clear,1.36516434,1.327446734,1
10-Jan-22,44204.5,85.5262,13.8188,10.5378,89.6307735,21.07386904,stormy,1.683212463,0.933654995,1
11-Jan-22,44205.5,85.5262,13.8188,10.5559,90.59204702,21.35644147,cloudy,0.265138807,1.022985419,0
12-Jan-22,44206.5,85.5262,13.8188,10.552,91.2060801,24.57894712,cloudy,1.319456281,2.047959446,0
13-Jan-22,44207.5,85.5262,13.8188,10.5625,91.92708936,15.03739062,clear,1.150268109,1.115088066,1
14-Jan-22,44208.5,85.5262,13.8188,10.5598,92.4712227,14.09913759,stormy,0.061794245,2.693200578,1
15-Jan-22,44209.5,85.5262,13.8188,10.5537,93.11045303,20.06951211,stormy,0.402845818,0.759728386,1
16-Jan-22,44210.5,85.5262,13.8188,10.5547,93.61252098,7.649413127,clear,0.535143083,0.580921335,0
17-Jan-22,44211.5,85.5262,13.8188,10.5622,94.0586558,15.93831028,stormy,0.145112751,0.720945615,0
18-Jan-22,44212.5,85.5262,13.8188,10.5631,94.51330364,15.924952,clear,0.709439612,2.614107801,1
19-Jan-22,44213.5,85.5262,13.8188,10.5816,95.00155801,6.789462456,cloudy,0.054405017,2.128073799,1
20-Jan-22,44214.5,85.5262,13.8188,10.5911,95.40429528,13.35968171,cloudy,1.106366985,2.894361583,1
21-Jan-22,44215.5,85.5262,13.8188,10.5912,95.99947095,22.06569597,stormy,0.423001921,1.340741353,0
22-Jan-22,44216.5,85.5262,13.8188,10.5883,96.59066976,22.12307244,cloudy,0.574006211,1.03169532,1
23-Jan-22,44217.5,85.5262,13.8188,10.5861,97.27119013,6.984753298,cloudy,1.820943252,1.904938098,1
24-Jan-22,44218.5,85.5262,13.8188,10.5934,97.98344429,6.814417655,clear,1.005633698,1.844570698,0
25-Jan-22,44219.5,85.5262,13.8188,10.5955,98.81367495,10.25390954,clear,0.538027862,1.97755997,1
26-Jan-22,44220.5,85.5262,13.8188,10.6032,99.75961004,22.49532125,stormy,1.196923516,1.368834657,1
27-Jan-22,44221.5,85.5262,13.8188,10.6075,100.8297245,7.578051701,clear,0.40334287,0.51474235,0
28-Jan-22,44222.5,85.5262,13.8188,10.6081,102.0131155,19.39993605,stormy,0.148791372,0.587579132,0
29-Jan-22,44223.5,85.5262,13.8188,10.5958,103.3376388,7.023312392,stormy,0.041812709,2.159566154,1
30-Jan-22,44224.5,85.5262,13.8188,10.5873,104.7741855,17.46275707,clear,1.903058091,1.80814512,0
31-Jan-22,44225.5,85.5262,13.8188,10.5902,106.1937326,12.12134598,cloudy,1.449221648,2.552528149,0
01-Feb-22,44226.5,85.5262,13.8188,10.604,107.195212,20.77827926,cloudy,1.599896297,1.251024647,0
02-Feb-22,44227.5,85.5262,13.8188,10.6055,108.5290481,9.673808977,cloudy,1.961835456,2.538680593,0
03-Feb-22,44228.5,85.5262,13.8188,10.6074,109.8317674,17.78403659,cloudy,1.863257407,1.563728534,0
04-Feb-22,44229.5,85.5262,13.8188,10.595,111.4369816,9.713650692,stormy,1.473826397,0.741745964,0
05-Feb-22,44230.5,85.5262,13.8188,10.594,112.7375641,19.27320566,cloudy,1.38797414,2.944778906,0
06-Feb-22,44231.5,85.5262,13.8188,10.5964,113.7071126,22.47356069,stormy,0.673699994,1.779839823,1
07-Feb-22,44232.5,85.5262,13.8188,10.5943,114.9310328,7.536035983,clear,0.208034504,2.073696285,0
08-Feb-22,44233.5,85.5262,13.8188,10.5887,116.0276168,22.33191377,clear,1.147445097,2.176992966,0
09-Feb-22,44234.5,85.5262,13.8188,10.5838,117.1353431,16.87150509,stormy,1.15250659,1.406030631,0
10-Feb-22,44235.5,85.5262,13.8188,10.5877,118.1540113,7.542209817,cloudy,1.904474571,2.3688208,0
11-Feb-22,44236.5,85.5262,13.8188,10.5835,119.1216953,13.55083711,stormy,0.885141613,2.675666163,1
12-Feb-22,44237.5,85.5262,13.8188,10.5734,119.9168605,8.21720587,cloudy,1.381615249,1.467967441,1
13-Feb-22,44238.5,85.5262,13.8188,10.5835,120.591265,19.00695778,cloudy,1.149941255,2.142502217,0
14-Feb-22,44239.5,85.5262,13.8188,10.5844,121.0136876,20.17736269,stormy,0.353520458,2.39280956,1
15-Feb-22,44240.5,85.5262,13.8188,10.5746,121.2306034,7.115930405,stormy,1.184128616,0.975314744,1
16-Feb-22,44241.5,85.5262,13.8188,10.5861,121.1222293,15.12279705,cloudy,1.080233419,1.331490211,1
17-Feb-22,44242.5,85.5262,13.8188,10.6051,120.9336159,21.29250112,stormy,0.987811988,0.771989616,1
18-Feb-22,44243.5,85.5262,13.8188,10.5874,120.3210122,23.72326083,cloudy,1.026845867,2.005521161,1
19-Feb-22,44244.5,85.5262,13.8188,10.5922,119.3156325,15.27035733,stormy,0.327975944,2.50234424,0
20-Feb-22,44245.5,85.5262,13.8188,10.595,117.9950192,24.00558447,clear,0.926955462,2.027096641,0
21-Feb-22,44246.5,85.5262,13.8188,10.5825,116.2750641,15.71377941,cloudy,1.211306544,0.949459577,0
22-Feb-22,44247.5,85.5262,13.8188,10.5851,114.3147409,12.88380989,clear,0.978898397,1.865921228,1
23-Feb-22,44248.5,85.5262,13.8188,10.5827,112.0216174,21.96406257,stormy,0.97737239,2.587335371,0
24-Feb-22,44249.5,85.5262,13.8188,10.5787,109.4953019,14.85965421,clear,0.15503542,1.25681199,1
25-Feb-22,44250.5,85.5262,13.8188,10.5842,106.7845641,14.43805021,stormy,0.381548304,2.581628756,0
26-Feb-22,44251.5,85.5262,13.8188,10.5824,103.9548957,14.80624979,cloudy,0.641945386,2.461558209,0
27-Feb-22,44252.5,85.5262,13.8188,10.6,100.3738901,21.93570004,stormy,0.838693988,0.55435202,0
28-Feb-22,44253.5,85.5262,13.8188,10.6088,97.45365717,21.63883083,stormy,1.187874888,1.098637035,0
01-Mar-22,44254.5,85.5262,13.8188,10.6058,94.53247543,13.07039985,cloudy,1.726690209,1.857356014,1
02-Mar-22,44255.5,85.5262,13.8188,10.6161,91.62765374,11.6659972,stormy,0.318329476,2.294043425,0
03-Mar-22,44256.5,85.5262,13.8188,10.6462,88.73348257,14.83856048,cloudy,0.03017606,2.701326314,0
04-Mar-22,44257.5,85.5262,13.8188,10.6262,85.90141779,16.45545019,stormy,0.898474262,2.102605796,1
05-Mar-22,44258.5,85.5262,13.8188,10.6066,83.14443767,9.766744213,cloudy,0.864205795,1.450860428,1
06-Mar-22,44259.5,85.5262,13.8188,10.5907,80.41281268,20.87910169,clear,1.103802437,0.961568017,0
07-Mar-22,44260.5,85.5262,13.8188,10.6055,77.72201358,14.72965531,stormy,1.666443543,2.400089639,0
08-Mar-22,44261.5,85.5262,13.8188,10.5977,75.1419803,11.68091097,stormy,1.604721102,1.016953898,1
09-Mar-22,44262.5,85.5262,13.8188,10.5992,72.65158641,7.136419859,stormy,0.200086569,2.238576304,1
10-Mar-22,44263.5,85.5262,13.8188,10.6053,70.28963821,9.776903208,cloudy,1.867990733,0.953029043,0
11-Mar-22,44264.5,85.5262,13.8188,10.6142,68.06914031,23.98562344,stormy,0.220828789,0.727634626,1
12-Mar-22,44265.5,85.5262,13.8188,10.6262,66.00594926,11.10199374,cloudy,1.269141017,1.127750559,1
13-Mar-22,44266.5,85.5262,13.8188,10.6287,64.1294269,8.377185787,stormy,1.344812587,1.212324514,0
14-Mar-22,44267.5,85.5262,13.8188,10.6196,62.60430621,14.21345583,clear,1.359754974,2.118022836,0
15-Mar-22,44268.5,85.5262,13.8188,10.6071,61.40217358,11.14175487,stormy,0.530702343,0.902208419,0
16-Mar-22,44269.5,85.5262,13.8188,10.5895,60.67127425,5.703185005,clear,0.660690184,2.825767282,1
17-Mar-22,44270.5,85.5262,13.8188,10.5817,60.53263475,11.46290435,cloudy,1.09735375,1.885904216,0
18-Mar-22,44271.5,85.5262,13.8188,10.5548,61.0846301,15.88217248,clear,0.399174992,1.727329327,0
19-Mar-22,44272.5,85.5262,13.8188,10.5727,62.44029944,16.03424744,stormy,0.040620936,1.586736286,0
20-Mar-22,44273.5,85.5262,13.8188,10.5831,63.69488326,12.13117842,stormy,1.124288909,1.916503367,1
21-Mar-22,44274.5,85.5262,13.8188,10.5657,64.62498352,13.94605513,cloudy,0.930557144,0.556117418,0
22-Mar-22,44275.5,85.5262,13.8188,10.5668,65.1240626,24.31035836,stormy,1.313462412,2.975215936,0
23-Mar-22,44276.5,85.5262,13.8188,10.5674,65.26925918,12.54696954,stormy,0.293401152,1.89381094,1
24-Mar-22,44277.5,85.5262,13.8188,10.5576,64.97206941,10.16453627,cloudy,1.681849789,0.587987505,1
25-Mar-22,44278.5,85.5262,13.8188,10.5586,64.34937823,9.869340881,cloudy,0.292442977,1.974944012,0
26-Mar-22,44279.5,85.5262,13.8188,10.5489,63.72241975,14.15529225,clear,1.78268721,1.592696896,0
27-Mar-22,44280.5,85.5262,13.8188,10.539,63.2188,20.19040297,cloudy,0.899042345,0.560094242,0
28-Mar-22,44281.5,85.5262,13.8188,10.5341,62.69654711,9.119763684,stormy,1.099610519,2.81107188,1
29-Mar-22,44282.5,85.5262,13.8188,10.5334,62.17011769,19.18592254,cloudy,1.793162672,0.52641718,0
30-Mar-22,44283.5,85.5262,13.8188,10.5261,61.65066271,5.422996467,stormy,0.599826097,1.944679192,0
31-Mar-22,44284.5,85.5262,13.8188,10.5153,61.15423255,13.37865956,clear,0.363653992,2.904476869,1
01-Apr-22,44285.5,85.5262,13.8188,10.5167,60.69597125,20.5173013,cloudy,0.891503242,1.094011242,1
02-Apr-22,44286.5,85.5262,13.8188,10.5211,60.26580323,11.77465912,stormy,0.488734457,1.135447686,0
03-Apr-22,44287.5,85.5262,13.8188,10.5087,59.86309263,16.27474203,cloudy,1.055687823,0.501057821,1
04-Apr-22,44288.5,85.5262,13.8188,10.5102,59.51900529,9.099584657,cloudy,0.550515729,0.66587793,0
05-Apr-22,44289.5,85.5262,13.8188,10.5268,59.22338323,19.83990782,cloudy,1.728979071,0.612221029,0
06-Apr-22,44290.5,85.5262,13.8188,10.5207,59.03011373,6.045582065,cloudy,1.214649185,2.556640709,1
07-Apr-22,44291.5,85.5262,13.8188,10.4985,58.99714789,22.0508529,clear,0.000481339,2.591843925,1
08-Apr-22,44292.5,85.5262,13.8188,10.4937,59.1505935,8.963927728,stormy,1.610947469,2.31675021,1
09-Apr-22,44293.5,85.5262,13.8188,10.5096,59.47845925,22.48796063,cloudy,0.660424673,1.381862531,1
10-Apr-22,44294.5,85.5262,13.8188,10.5205,59.97311365,12.05058483,stormy,0.640415968,2.553136125,0
11-Apr-22,44295.5,85.5262,13.8188,10.526,60.61531178,19.45367149,clear,0.766125624,1.849436301,1
12-Apr-22,44296.5,85.5262,13.8188,10.5315,61.47256678,11.38450596,stormy,1.260525056,1.260775691,1
13-Apr-22,44297.5,85.5262,13.8188,10.5335,62.50819705,23.11823342,stormy,0.884121421,1.593191923,0
14-Apr-22,44298.5,85.5262,13.8188,10.5447,63.73623397,7.53274251,clear,1.257271093,0.664419425,0
15-Apr-22,44299.5,85.5262,13.8188,10.5531,65.12529511,8.570395785,cloudy,0.293561443,2.862271717,0
16-Apr-22,44300.5,85.5262,13.8188,10.5565,66.70987885,14.8606025,stormy,1.940328929,2.047791043,1
17-Apr-22,44301.5,85.5262,13.8188,10.5608,68.44201758,6.638768781,stormy,1.459212574,2.328085362,0
18-Apr-22,44302.5,85.5262,13.8188,10.5695,70.33836641,8.919603694,cloudy,0.500414214,2.191458426,1
19-Apr-22,44303.5,85.5262,13.8188,10.5637,72.36241334,23.87532764,cloudy,1.448339816,2.169374961,1
20-Apr-22,44304.5,85.5262,13.8188,10.5688,74.55822534,24.52979322,stormy,1.150050913,0.543152464,1
21-Apr-22,44305.5,85.5262,13.8188,10.5827,76.89177016,12.52518659,clear,0.218377993,1.813428199,1
22-Apr-22,44306.5,85.5262,13.8188,10.5793,79.35497656,23.46572042,cloudy,0.356392854,2.554275572,0
23-Apr-22,44307.5,85.5262,13.8188,10.5742,81.94082372,15.89649351,cloudy,0.082616284,0.611297129,0
24-Apr-22,44308.5,85.5262,13.8188,10.5634,84.63898307,10.39484932,clear,1.618476143,2.89041421,0
25-Apr-22,44309.5,85.5262,13.8188,10.5734,87.1916302,19.04797442,stormy,1.103409505,1.560399208,0
26-Apr-22,44310.5,85.5262,13.8188,10.59,89.58974214,18.17803613,cloudy,0.633497297,1.22473873,0
27-Apr-22,44311.5,85.5262,13.8188,10.6002,91.80659294,24.78250638,stormy,0.252689804,1.829553404,1
28-Apr-22,44312.5,85.5262,13.8188,10.6034,93.87887313,10.30094575,stormy,0.968091752,2.50303547,1
29-Apr-22,44313.5,85.5262,13.8188,10.6019,95.79773454,18.44119005,stormy,1.050522693,1.686887654,1
30-Apr-22,44314.5,85.5262,13.8188,10.608,97.57934421,6.040475101,clear,1.403897002,2.112764191,1
01-May-22,44315.5,85.5262,13.8188,10.6028,99.18346499,7.272920774,stormy,1.939874421,1.74978597,0
02-May-22,44316.5,85.5262,13.8188,10.5991,100.658241,5.078367499,stormy,0.869891061,2.078180642,1
03-May-22,44317.5,85.5262,13.8188,10.6025,102.1419215,24.98921362,cloudy,0.812068413,0.845077288,1
04-May-22,44318.5,85.5262,13.8188,10.6079,103.5961702,21.04547394,cloudy,0.739860009,0.596658465,1
05-May-22,44319.5,85.5262,13.8188,10.6127,105.0403132,20.73446029,clear,1.653847818,0.842253514,1
06-May-22,44320.5,85.5262,13.8188,10.6147,106.3680251,15.19452151,clear,0.312634443,1.214595362,1
07-May-22,44321.5,85.5262,13.8188,10.615,107.6194502,11.00134166,cloudy,0.687625807,1.133390156,1
08-May-22,44322.5,85.5262,13.8188,10.6118,108.7394849,8.025285689,cloudy,1.44994161,2.037938374,0
09-May-22,44323.5,85.5262,13.8188,10.5629,109.6283795,10.69349478,clear,0.031389871,1.63972356,0
10-May-22,44324.5,85.5262,13.8188,10.5241,110.0779693,12.51942444,stormy,0.578761447,0.597029953,1
11-May-22,44325.5,85.5262,13.8188,10.52,109.893096,20.12620194,clear,1.282894326,0.587164766,1
12-May-22,44326.5,85.5262,13.8188,10.5343,108.9443903,15.79323578,stormy,0.371904196,0.726470005,1
13-May-22,44327.5,85.5262,13.8188,10.5249,107.5258274,6.549672531,cloudy,0.605421138,1.382702894,1
14-May-22,44328.5,85.5262,13.8188,10.527,106.0610138,5.360580179,cloudy,0.972090149,0.515457377,1
15-May-22,44329.5,85.5262,13.8188,10.5085,104.6200992,7.046643591,cloudy,0.844047132,1.734968164,0
16-May-22,44330.5,85.5262,13.8188,10.4885,103.2122148,13.20997427,stormy,0.21205438,1.401674161,0
17-May-22,44331.5,85.5262,13.8188,10.5023,101.8353178,23.66385834,clear,1.876470645,1.888603256,1
18-May-22,44332.5,85.5262,13.8188,10.5077,100.4699443,17.74804962,stormy,0.088585441,2.30206307,0
19-May-22,44333.5,85.5262,13.8188,10.5037,99.20610934,21.036518,clear,1.499485513,1.127432039,1
20-May-22,44334.5,85.5262,13.8188,10.5045,97.98583732,14.32749189,clear,0.142845542,0.892709119,1
21-May-22,44335.5,85.5262,13.8188,10.4803,96.77266279,12.23332166,clear,0.934591606,1.19513389,0
22-May-22,44336.5,85.5262,13.8188,10.4833,95.60302642,7.168007454,cloudy,0.350822583,0.504407955,0
23-May-22,44337.5,85.5262,13.8188,10.4866,94.41961357,22.51866044,clear,0.282195593,0.800032389,0
24-May-22,44338.5,85.5262,13.8188,10.4897,93.20824439,20.66320058,cloudy,0.251795953,2.377075909,0
25-May-22,44339.5,85.5262,13.8188,10.4815,92.01512731,8.362361952,clear,0.905573273,1.057017106,1
26-May-22,44340.5,85.5262,13.8188,10.4821,90.87735013,15.24521128,clear,1.030969819,2.985749085,0
27-May-22,44341.5,85.5262,13.8188,10.4886,89.77935778,14.74749616,cloudy,0.266768987,0.919578803,0
28-May-22,44342.5,85.5262,13.8188,10.476,88.71947305,17.50183105,cloudy,1.958791461,2.471929289,0
29-May-22,44343.5,85.5262,13.8188,10.48,87.67285785,23.92373788,stormy,0.515531774,2.26261118,1
30-May-22,44344.5,85.5262,13.8188,10.477,86.64636875,16.59542884,clear,0.917682679,1.305330357,1
31-May-22,44345.5,85.5262,13.8188,10.4735,85.56587738,15.80434534,cloudy,0.432539115,1.326847859,1
01-Jun-22,44346.5,85.5262,13.8188,10.4802,84.46516392,6.006458659,stormy,0.987845291,1.908878952,0
02-Jun-22,44347.5,85.5262,13.8188,10.4859,83.3244647,6.25814952,stormy,1.512033165,2.630935244,0
03-Jun-22,44348.5,85.5262,13.8188,10.4699,82.14920376,8.746935827,cloudy,1.042204029,1.46546736,0
04-Jun-22,44349.5,85.5262,13.8188,10.4702,80.9799319,5.649415434,clear,0.571297741,0.652949702,1
05-Jun-22,44350.5,85.5262,13.8188,10.4775,79.79863434,19.86705791,stormy,0.496793217,1.436047942,0
06-Jun-22,44351.5,85.5262,13.8188,10.4855,78.64624761,19.46660608,clear,1.517868812,1.018281683,0
07-Jun-22,44352.5,85.5262,13.8188,10.5023,77.4716675,7.721124689,clear,0.236476351,2.848017543,1
08-Jun-22,44353.5,85.5262,13.8188,10.5117,76.29305415,21.72157802,stormy,0.739932989,2.243185866,0
09-Jun-22,44354.5,85.5262,13.8188,10.5142,75.10427945,8.095720697,cloudy,0.302965433,0.627081661,0
10-Jun-22,44355.5,85.5262,13.8188,10.5317,73.90157301,11.02351174,clear,0.515951659,1.232471343,0
11-Jun-22,44356.5,85.5262,13.8188,10.5197,72.68311997,9.979537983,cloudy,0.305366465,0.625539912,0
12-Jun-22,44357.5,85.5262,13.8188,10.5207,71.49293655,12.44614197,stormy,1.773545017,2.575041676,1
13-Jun-22,44358.5,85.5262,13.8188,10.5205,70.33449543,10.09327532,clear,1.463808398,2.765741005,1
14-Jun-22,44359.5,85.5262,13.8188,10.511,69.17751192,14.77901853,cloudy,1.121854492,0.780699015,1
15-Jun-22,44360.5,85.5262,13.8188,10.5228,68.03083653,13.14815763,cloudy,0.448850445,1.600725115,0
16-Jun-22,44361.5,85.5262,13.8188,10.5351,66.8756625,24.73138982,clear,1.020453654,2.829708205,0
17-Jun-22,44362.5,85.5262,13.8188,10.5352,65.74040044,6.118527003,cloudy,1.041666413,0.863029217,1
18-Jun-22,44363.5,85.5262,13.8188,10.5427,64.63828508,7.843627528,cloudy,1.180807451,1.229758977,0
19-Jun-22,44364.5,85.5262,13.8188,10.5514,63.58317231,6.056517878,stormy,0.120170314,1.260686625,1
20-Jun-22,44365.5,85.5262,13.8188,10.5513,62.5496845,17.5168239,stormy,1.945803942,0.575145781,1
21-Jun-22,44366.5,85.5262,13.8188,10.5268,61.55590762,6.090185548,cloudy,0.930877941,0.590683087,0
22-Jun-22,44367.5,85.5262,13.8188,10.5313,60.57826789,21.72879475,cloudy,1.853063548,2.881982068,1
23-Jun-22,44368.5,85.5262,13.8188,10.5225,59.59952676,15.23877261,clear,0.019616229,1.927731522,1
24-Jun-22,44369.5,85.5262,13.8188,10.5412,58.61060043,15.54015249,stormy,0.495116791,1.266620804,1
25-Jun-22,44370.5,85.5262,13.8188,10.5385,57.60404103,16.23189015,clear,0.207991141,1.446686652,1
26-Jun-22,44371.5,85.5262,13.8188,10.5253,56.59305337,8.416274126,cloudy,1.539232355,2.287107322,1
27-Jun-22,44372.5,85.5262,13.8188,10.5315,55.58342718,8.953806062,clear,0.640250099,1.416293009,1
28-Jun-22,44373.5,85.5262,13.8188,10.5217,54.61760179,11.37634646,cloudy,1.680985017,1.069401008,0
29-Jun-22,44374.5,85.5262,13.8188,10.5326,53.67377222,16.86992832,stormy,1.664770731,0.754593354,1
30-Jun-22,44375.5,85.5262,13.8188,10.5171,52.79916093,9.202355519,stormy,1.335589586,2.322332529,1
01-Jul-22,44376.5,85.5262,13.8188,10.5116,51.97728154,7.326634543,cloudy,1.331563607,0.951412542,0
02-Jul-22,44377.5,85.5262,13.8188,10.5163,51.22727349,24.40233773,stormy,1.400319384,0.674120675,0
03-Jul-22,44378.5,85.5262,13.8188,10.5092,50.53005172,5.439636296,cloudy,1.347527669,1.567386114,1
04-Jul-22,44379.5,85.5262,13.8188,10.4882,49.88737378,21.05394811,clear,0.773816715,0.598927405,0
05-Jul-22,44380.5,85.5262,13.8188,10.4904,49.26816644,20.76070299,cloudy,1.365655289,2.912495146,0
06-Jul-22,44381.5,85.5262,13.8188,10.4848,48.90319759,10.94428228,clear,1.794813938,2.068232419,1
07-Jul-22,44382.5,85.5262,13.8188,10.4957,48.08719872,7.71253232,cloudy,0.665146984,0.881742026,0
08-Jul-22,44383.5,85.5262,13.8188,10.5021,47.45580283,7.912572934,stormy,1.889778052,0.931135216,1
09-Jul-22,44384.5,85.5262,13.8188,10.4914,46.91927292,18.94863234,cloudy,0.027163176,1.924571201,1
10-Jul-22,44385.5,85.5262,13.8188,10.4885,46.42457394,17.85613182,cloudy,0.698165077,1.391414393,1
11-Jul-22,44386.5,85.5262,13.8188,10.4971,45.93955476,20.65491349,cloudy,0.264196803,2.43566686,1
12-Jul-22,44387.5,85.5262,13.8188,10.4978,45.44886233,23.74962345,stormy,0.253239658,1.864516214,0
13-Jul-22,44388.5,85.5262,13.8188,10.4918,44.93970284,18.83854727,cloudy,1.630858988,1.583334689,1
14-Jul-22,44389.5,85.5262,13.8188,10.497,44.39984449,8.117030731,stormy,1.83673663,2.90745062,0
15-Jul-22,44390.5,85.5262,13.8188,10.4896,43.8210089,9.868852335,cloudy,1.555516508,1.476822641,0
16-Jul-22,44391.5,85.5262,13.8188,10.4764,43.34757887,21.84387462,clear,1.953231438,1.501527309,1
17-Jul-22,44392.5,85.5262,13.8188,10.4871,42.5347628,9.186121517,cloudy,0.43265794,2.164431053,1
18-Jul-22,44393.5,85.5262,13.8188,10.4828,41.82754151,6.450446339,clear,0.281599824,2.52369646,0
19-Jul-22,44394.5,85.5262,13.8188,10.4851,41.27438625,19.06560108,stormy,1.041407564,2.065537477,1
20-Jul-22,44395.5,85.5262,13.8188,10.4952,40.34164085,13.05052711,stormy,1.658075229,2.246525555,1
21-Jul-22,44396.5,85.5262,13.8188,10.4985,39.58433171,23.40080105,cloudy,0.079678182,1.432328921,1
22-Jul-22,44397.5,85.5262,13.8188,10.4958,38.7908803,18.00510142,stormy,1.991131322,1.698742091,0
23-Jul-22,44398.5,85.5262,13.8188,10.4954,37.99003875,6.808379556,cloudy,1.204491858,0.992587716,0
24-Jul-22,44399.5,85.5262,13.8188,10.5074,37.17251241,23.95713135,stormy,1.957883624,2.200616227,0
25-Jul-22,44400.5,85.5262,13.8188,10.5093,36.3483103,10.17114527,clear,0.730163266,1.053629851,0
26-Jul-22,44401.5,85.5262,13.8188,10.5267,35.50731188,11.74424981,stormy,0.916047641,0.503141988,1
27-Jul-22,44402.5,85.5262,13.8188,10.5373,34.82833375,13.04520827,clear,1.504722885,2.8344053,1
28-Jul-22,44403.5,85.5262,13.8188,10.5417,33.6866854,6.024485928,cloudy,1.585400901,1.265038103,0
29-Jul-22,44404.5,85.5262,13.8188,10.5522,32.78828795,14.93030844,cloudy,0.466066107,0.991580106,0
30-Jul-22,44405.5,85.5262,13.8188,10.573,32.09697887,7.466369822,cloudy,1.859602173,1.170366827,0
31-Jul-22,44406.5,85.5262,13.8188,10.561,31.14836203,13.01940653,clear,1.734846244,1.326119244,0
01-Aug-22,44407.5,85.5262,13.8188,10.5324,30.21129622,12.01419576,cloudy,0.036410606,1.686366066,0
02-Aug-22,44408.5,85.5262,13.8188,10.5373,29.07849976,20.45680167,cloudy,0.257136212,0.673379178,1
03-Aug-22,44409.5,85.5262,13.8188,10.54,28.21848007,21.06341023,clear,0.992194213,0.631682891,0
04-Aug-22,44410.5,85.5262,13.8188,10.5363,27.38796063,8.068257648,stormy,0.921911028,1.232276914,0
05-Aug-22,44411.5,85.5262,13.8188,10.5267,26.59257908,12.33102375,cloudy,1.41678171,1.239415328,1
06-Aug-22,44412.5,85.5262,13.8188,10.515,25.82667094,12.46706322,stormy,0.179422752,0.79411557,1
07-Aug-22,44413.5,85.5262,13.8188,10.5208,25.10115245,8.028208879,stormy,1.289710613,1.511978986,1
08-Aug-22,44414.5,85.5262,13.8188,10.5225,24.40523951,20.9690701,cloudy,1.232739862,1.210071671,0
09-Aug-22,44415.5,85.5262,13.8188,10.5457,23.90611351,19.14456657,cloudy,0.467239197,0.565138882,1
10-Aug-22,44416.5,85.5262,13.8188,10.5452,23.2098401,8.807635726,clear,1.084787929,2.714301951,0
11-Aug-22,44417.5,85.5262,13.8188,10.5552,22.5396791,12.33443817,clear,0.444414414,2.715047545,0
12-Aug-22,44418.5,85.5262,13.8188,10.5447,21.92920346,7.116100497,cloudy,0.293846054,1.022955632,1
13-Aug-22,44419.5,85.5262,13.8188,10.5418,21.37162593,17.56413194,stormy,1.146269869,0.90718057,0
14-Aug-22,44420.5,85.5262,13.8188,10.5399,20.8966761,7.427438491,clear,1.954948557,1.868231911,0
15-Aug-22,44421.5,85.5262,13.8188,10.5307,20.47082162,24.71868337,clear,0.473866698,2.076883757,1
16-Aug-22,44422.5,85.5262,13.8188,10.5095,20.1169675,20.61364149,cloudy,0.710672299,2.893856394,1
17-Aug-22,44423.5,85.5262,13.8188,10.4988,19.72062557,12.80477099,cloudy,0.513146452,1.443371142,1
18-Aug-22,44424.5,85.5262,13.8188,10.5191,19.43685227,16.57127865,cloudy,0.532919643,2.045500857,1
19-Aug-22,44425.5,85.5262,13.8188,10.5178,19.17507797,23.22683632,cloudy,0.808384268,2.695452615,1
20-Aug-22,44426.5,85.5262,13.8188,10.5107,18.92273113,16.08198561,clear,1.403711021,1.624884464,1
21-Aug-22,44427.5,85.5262,13.8188,10.5098,18.67989866,8.489969728,clear,0.077609048,0.805864378,1
22-Aug-22,44428.5,85.5262,13.8188,10.5223,18.4354837,12.57406711,clear,1.914248391,1.443618215,1
23-Aug-22,44429.5,85.5262,13.8188,10.534,18.23802634,21.8628973,stormy,0.092559759,0.841417317,1
24-Aug-22,44430.5,85.5262,13.8188,10.5163,17.97241016,17.88426032,clear,1.762506364,0.541598661,1
25-Aug-22,44431.5,85.5262,13.8188,10.5252,17.70675595,18.01448769,clear,1.788756198,2.378882641,0
26-Aug-22,44432.5,85.5262,13.8188,10.5444,17.38837692,22.33642971,cloudy,1.048978375,1.096059251,0
27-Aug-22,44433.5,85.5262,13.8188,10.5373,17.15826768,22.87946115,clear,0.273993657,0.505017615,0
28-Aug-22,44434.5,85.5262,13.8188,10.5299,16.94243561,23.39585144,clear,1.130291941,2.681080894,1
29-Aug-22,44435.5,85.5262,13.8188,10.5257,16.74121024,6.896983865,clear,1.25726432,1.609472096,0
30-Aug-22,44436.5,85.5262,13.8188,10.5195,16.54274857,15.88252004,cloudy,1.715517916,1.097149699,0
31-Aug-22,44437.5,85.5262,13.8188,10.5136,16.35133594,19.81019042,clear,1.101790752,1.156974931,0
01-Sep-22,44438.5,85.5262,13.8188,10.5141,16.20798225,20.1385369,clear,0.821418792,1.101344733,0
02-Sep-22,44439.5,85.5262,13.8188,10.5034,16.01959342,17.13432404,stormy,1.676582388,0.986390403,0
03-Sep-22,44440.5,85.5262,13.8188,10.5148,15.81782586,8.335746704,stormy,1.961903595,2.603065561,1
04-Sep-22,44441.5,85.5262,13.8188,10.4992,15.67924977,20.94841108,stormy,1.29020641,0.925829086,1
05-Sep-22,44442.5,85.5262,13.8188,10.487,15.55876317,19.40222667,stormy,1.748774075,1.90463671,1
06-Sep-22,44443.5,85.5262,13.8188,10.4852,15.45135777,6.722715431,cloudy,1.197470226,0.693300612,0
07-Sep-22,44444.5,85.5262,13.8188,10.4674,15.35903976,14.27619649,stormy,1.379575983,2.87380344,0
08-Sep-22,44445.5,85.5262,13.8188,10.4632,15.28038643,8.47954799,clear,1.376334235,2.008284761,1
09-Sep-22,44446.5,85.5262,13.8188,10.479,15.21909865,11.74954091,stormy,1.409573974,2.757881278,1
10-Sep-22,44447.5,85.5262,13.8188,10.4906,15.16666584,5.361621844,cloudy,0.642026888,1.494694449,1
11-Sep-22,44448.5,85.5262,13.8188,10.4981,15.12171008,13.00659737,stormy,1.151322793,2.526680142,0
12-Sep-22,44449.5,85.5262,13.8188,10.5113,15.08828148,15.99753842,stormy,1.188271168,2.634136199,1
13-Sep-22,44450.5,85.5262,13.8188,10.5199,15.06038844,17.39165186,cloudy,0.630143253,2.257373228,1
14-Sep-22,44451.5,85.5262,13.8188,10.5257,15.03639732,18.2698069,cloudy,0.699704735,0.732368666,1
15-Sep-22,44452.5,85.5262,13.8188,10.5384,15.01767737,21.72582626,cloudy,1.52449353,0.540200216,1
16-Sep-22,44453.5,85.5262,13.8188,10.518,14.98858828,9.309258146,cloudy,1.165447681,0.92139918,1
17-Sep-22,44454.5,85.5262,13.8188,10.5098,14.95327633,7.409636449,cloudy,0.298422296,0.795241892,0
18-Sep-22,44455.5,85.5262,13.8188,10.5213,14.91707837,22.03074344,cloudy,1.675273977,2.31284416,0
19-Sep-22,44456.5,85.5262,13.8188,10.5196,14.87644176,8.132256298,clear,1.766228574,1.892517052,1
20-Sep-22,44457.5,85.5262,13.8188,10.5188,14.8341313,24.49520163,stormy,0.932282296,1.814877161,0
21-Sep-22,44458.5,85.5262,13.8188,10.5116,14.793344,21.85076459,stormy,0.417814864,1.132168251,1
22-Sep-22,44459.5,85.5262,13.8188,10.5142,14.75504233,15.01753212,cloudy,1.895212991,0.886518842,1
23-Sep-22,44460.5,85.5262,13.8188,10.5215,14.72592143,24.6284285,cloudy,1.764539129,1.016369924,0
24-Sep-22,44461.5,85.5262,13.8188,10.5123,14.70647834,6.947534582,clear,0.488763493,1.500692519,0
25-Sep-22,44462.5,85.5262,13.8188,10.5115,14.70235288,11.06131522,clear,0.191187473,2.350358017,0
26-Sep-22,44463.5,85.5262,13.8188,10.5272,14.72220047,17.7644883,cloudy,0.881307215,1.136291541,0
27-Sep-22,44464.5,85.5262,13.8188,10.5349,14.76346892,12.00013737,clear,1.352793973,2.246532503,1
28-Sep-22,44465.5,85.5262,13.8188,10.5392,14.83359544,23.56745104,clear,0.35077717,1.728779551,0
29-Sep-22,44466.5,85.5262,13.8188,10.5508,14.93820862,6.312521764,cloudy,1.026425317,2.713602121,1
30-Sep-22,44467.5,85.5262,13.8188,10.5322,15.07904623,15.98823664,cloudy,0.850830989,1.082286402,1
01-Oct-22,44468.5,85.5262,13.8188,10.5107,15.2631973,16.81732535,cloudy,1.781102298,1.627141707,1
02-Oct-22,44469.5,85.5262,13.8188,10.5084,15.48848852,18.05456248,cloudy,0.859133266,0.741661918,1
03-Oct-22,44470.5,85.5262,13.8188,10.4945,15.75485637,10.11332447,stormy,1.067552787,1.337882857,1
04-Oct-22,44471.5,85.5262,13.8188,10.4764,16.06260693,12.29132855,stormy,1.910572392,1.76720111,0
05-Oct-22,44472.5,85.5262,13.8188,10.4697,16.40600523,21.87361059,cloudy,0.599383532,2.331850536,1
06-Oct-22,44473.5,85.5262,13.8188,10.4799,16.78137955,8.898855379,clear,0.577981864,0.9951928,0
07-Oct-22,44474.5,85.5262,13.8188,10.4777,17.18291966,21.53735694,cloudy,1.59919016,1.045230321,1
08-Oct-22,44475.5,85.5262,13.8188,10.469,17.60215774,16.25310846,stormy,0.555077972,2.078944601,0
09-Oct-22,44476.5,85.5262,13.8188,10.4647,18.03417704,20.24375022,clear,1.66373174,1.456144459,0
10-Oct-22,44477.5,85.5262,13.8188,10.4675,18.46934888,19.27214733,stormy,0.191071219,1.705237168,1
11-Oct-22,44478.5,85.5262,13.8188,10.4707,18.89838678,9.150229908,cloudy,0.222522495,2.590337172,1
12-Oct-22,44479.5,85.5262,13.8188,10.4782,19.30934698,16.37625473,stormy,1.802646748,1.747708253,0
13-Oct-22,44480.5,85.5262,13.8188,10.4526,19.69453938,22.35446306,stormy,1.081624565,2.131248452,1
14-Oct-22,44481.5,85.5262,13.8188,10.4373,20.04908171,13.64232474,stormy,1.437628533,2.141937604,1
15-Oct-22,44482.5,85.5262,13.8188,10.4384,20.36497649,24.3318154,clear,0.450577784,2.509029857,0
16-Oct-22,44483.5,85.5262,13.8188,10.445,20.63603756,14.044302,stormy,0.332548737,2.095348721,0
17-Oct-22,44484.5,85.5262,13.8188,10.4615,20.85930425,7.855712733,clear,1.669908524,0.662024564,1
18-Oct-22,44485.5,85.5262,13.8188,10.4635,21.03183568,12.7886936,cloudy,0.717246814,1.355432457,1
19-Oct-22,44486.5,85.5262,13.8188,10.4634,21.1577061,24.03404813,cloudy,0.910065238,2.973290459,1
20-Oct-22,44487.5,85.5262,13.8188,10.4595,21.2301953,11.39441699,stormy,0.055943795,0.991275722,1
21-Oct-22,44488.5,85.5262,13.8188,10.4678,21.2573277,22.3619632,clear,0.771761468,1.966822696,0
22-Oct-22,44489.5,85.5262,13.8188,10.4743,21.23905809,22.62501363,cloudy,1.540875616,2.6073516,0
23-Oct-22,44490.5,85.5262,13.8188,10.4718,21.17936246,12.00373049,clear,1.642550355,1.966396402,1
24-Oct-22,44491.5,85.5262,13.8188,10.4963,21.08374594,6.665153161,clear,1.397509578,1.430675645,0
25-Oct-22,44492.5,85.5262,13.8188,10.4937,20.95692494,19.49115818,stormy,1.384359467,0.700571407,0
26-Oct-22,44493.5,85.5262,13.8188,10.5028,20.80559268,11.23024598,stormy,1.012478533,1.404162256,0
27-Oct-22,44494.5,85.5262,13.8188,10.4981,20.63572066,20.65847229,clear,1.076658659,0.955168779,0
28-Oct-22,44495.5,85.5262,13.8188,10.4924,20.44880741,13.85309697,clear,1.485263494,2.902157041,0
29-Oct-22,44496.5,85.5262,13.8188,10.4878,20.25031613,14.70533485,stormy,0.494603598,2.287579604,0
30-Oct-22,44497.5,85.5262,13.8188,10.501,20.04449508,20.55818813,clear,0.463034136,2.373457886,0
31-Oct-22,44498.5,85.5262,13.8188,10.5068,19.83594564,12.64726662,stormy,1.899849648,1.589923165,1
01-Nov-22,44499.5,85.5262,13.8188,10.4942,19.63269533,13.86254691,clear,0.055379774,0.77491207,1
02-Nov-22,44500.5,85.5262,13.8188,10.5049,19.43227544,12.52380938,stormy,0.278930927,1.166791215,0
03-Nov-22,44501.5,85.5262,13.8188,10.507,19.23548248,12.34681031,clear,1.140664852,1.14927776,0
04-Nov-22,44502.5,85.5262,13.8188,10.5065,19.04130068,15.51893154,stormy,1.475669677,1.716948377,0
05-Nov-22,44503.5,85.5262,13.8188,10.5123,18.85514722,21.17598889,clear,1.075782166,1.652449467,0
06-Nov-22,44504.5,85.5262,13.8188,10.5144,18.67461122,12.23536624,cloudy,0.710127992,1.583520543,0
07-Nov-22,44505.5,85.5262,13.8188,10.5096,18.4991642,15.48509441,cloudy,1.955952239,1.739943667,1
08-Nov-22,44506.5,85.5262,13.8188,10.5338,18.33069969,18.41454651,clear,1.40770537,2.967557705,0
09-Nov-22,44507.5,85.5262,13.8188,10.546,18.16514013,10.38878893,cloudy,1.662781682,1.245884077,1
10-Nov-22,44508.5,85.5262,13.8188,10.5357,18.0091194,10.5504561,clear,0.080493748,2.038172901,1
11-Nov-22,44509.5,85.5262,13.8188,10.5408,17.85751178,23.66826254,clear,0.471840221,1.09876936,0
12-Nov-22,44510.5,85.5262,13.8188,10.5464,17.71151006,19.47069147,cloudy,0.748342187,1.666515665,0
13-Nov-22,44511.5,85.5262,13.8188,10.5451,17.57153056,16.54373352,clear,0.365202796,1.000123083,0
14-Nov-22,44512.5,85.5262,13.8188,10.5636,17.43735587,17.95440109,stormy,0.145798545,1.895480588,1
15-Nov-22,44513.5,85.5262,13.8188,10.538,17.30386378,5.585988862,clear,0.450183329,1.162529466,1
16-Nov-22,44514.5,85.5262,13.8188,10.5486,17.17501835,17.36205931,clear,1.067271262,0.591972292,1
17-Nov-22,44515.5,85.5262,13.8188,10.5385,17.0471468,15.19017746,cloudy,1.391490497,2.538177729,0
18-Nov-22,44516.5,85.5262,13.8188,10.5397,16.91828607,15.9149936,stormy,1.548041846,0.82063778,0
19-Nov-22,44517.5,85.5262,13.8188,10.5279,16.790656,12.18847654,clear,0.08587231,1.420096998,0
20-Nov-22,44518.5,85.5262,13.8188,10.5242,16.66035719,6.629477954,clear,0.855972344,1.692944023,0
21-Nov-22,44519.5,85.5262,13.8188,10.5324,16.52765581,8.866784672,clear,0.244423167,1.581200001,0
22-Nov-22,44520.5,85.5262,13.8188,10.5408,16.39453443,24.01489426,clear,0.862400773,2.314164409,0
23-Nov-22,44521.5,85.5262,13.8188,10.5448,16.26155379,13.17399125,clear,0.867951698,1.99194149,1
24-Nov-22,44522.5,85.5262,13.8188,10.5514,16.12773798,14.33366312,clear,0.996423373,1.238427957,1
25-Nov-22,44523.5,85.5262,13.8188,10.5522,15.98857279,6.054195797,stormy,1.785661253,0.6292575,0
26-Nov-22,44524.5,85.5262,13.8188,10.559,15.84301405,5.751324591,stormy,1.610191005,2.418987796,0
27-Nov-22,44525.5,85.5262,13.8188,10.5701,15.69144737,19.34362894,clear,1.27344169,1.381317817,1
28-Nov-22,44526.5,85.5262,13.8188,10.568,15.53244582,15.76189328,clear,1.770814646,2.724311852,1
29-Nov-22,44527.5,85.5262,13.8188,10.5819,15.36304892,15.17411968,cloudy,1.356937233,1.487641934,1
30-Nov-22,44528.5,85.5262,13.8188,10.5885,15.18544766,9.862490608,stormy,1.637709922,2.294146515,0
01-Dec-22,44529.5,85.5262,13.8188,10.5876,14.99556097,19.89501463,stormy,1.127556602,2.848911758,1
02-Dec-22,44530.5,85.5262,13.8188,10.5808,14.7915091,8.364731582,clear,1.050436503,2.127881127,1
03-Dec-22,44531.5,85.5262,13.8188,10.576,14.57243953,8.798694873,stormy,1.448194486,1.533722283,1
04-Dec-22,44532.5,85.5262,13.8188,10.5747,14.33757235,14.21424343,stormy,0.039378624,1.918498172,1
05-Dec-22,44533.5,85.5262,13.8188,10.5708,14.08480986,10.72559724,cloudy,1.380755143,1.858612971,1
06-Dec-22,44534.5,85.5262,13.8188,10.585,13.81429602,9.949259625,cloudy,1.869036437,1.962050092,0
07-Dec-22,44535.5,85.5262,13.8188,10.5873,13.53041641,17.90475289,stormy,1.42788416,0.867049964,0
08-Dec-22,44536.5,85.5262,13.8188,10.584,13.22836602,18.0194349,stormy,0.073587449,2.246274706,1
09-Dec-22,44537.5,85.5262,13.8188,10.5682,12.91183617,21.4903414,stormy,0.755771282,0.862608179,0
10-Dec-22,44538.5,85.5262,13.8188,10.5726,12.58168813,13.35417134,clear,1.619162605,0.536542211,0
11-Dec-22,44539.5,85.5262,13.8188,10.5842,12.24372128,6.461701821,cloudy,1.9172171,2.061950252,1
12-Dec-22,44540.5,85.5262,13.8188,10.5832,11.89711106,10.4733277,clear,0.740326711,0.79228393,0
13-Dec-22,44541.5,85.5262,13.8188,10.602,11.54729159,24.60010926,cloudy,1.682388112,2.426029092,0
14-Dec-22,44542.5,85.5262,13.8188,10.6159,11.19507757,16.9251715,cloudy,1.727619751,2.664914884,1
15-Dec-22,44543.5,85.5262,13.8188,10.6161,10.84280712,19.1947417,cloudy,0.246572799,2.861841976,1
16-Dec-22,44544.5,85.5262,13.8188,10.6359,10.49396347,5.147156593,stormy,1.691576933,2.161192407,0
17-Dec-22,44545.5,85.5262,13.8188,10.6297,10.15410543,15.36411464,cloudy,0.648499791,1.705037232,0
18-Dec-22,44546.5,85.5262,13.8188,10.6198,9.824537021,5.750573151,clear,1.186475443,1.380702702,0
19-Dec-22,44547.5,85.5262,13.8188,10.5999,9.507972303,16.38460424,cloudy,1.077924239,1.727312735,1
20-Dec-22,44548.5,85.5262,13.8188,10.5922,9.203973987,23.41541699,clear,1.326107727,0.975880571,0
21-Dec-22,44549.5,85.5262,13.8188,10.605,8.912168572,24.36838261,cloudy,1.480929302,1.371056619,0
22-Dec-22,44550.5,85.5262,13.8188,10.6122,8.632290498,15.81105351,cloudy,0.881762195,2.294826312,1
23-Dec-22,44551.5,85.5262,13.8188,10.5982,8.359853186,14.16409611,stormy,1.776621644,1.043557428,0
24-Dec-22,44552.5,85.5262,13.8188,10.5817,8.095106187,23.90034188,clear,1.618996843,1.160167839,1
25-Dec-22,44553.5,85.5262,13.8188,10.593,7.840362942,18.47219664,cloudy,1.570842185,2.373320639,0
26-Dec-22,44554.5,85.5262,13.8188,10.6005,7.596752442,6.297985591,cloudy,0.916493684,0.94458984,1
27-Dec-22,44555.5,85.5262,13.8188,10.5993,7.364722271,14.31451155,clear,0.075145772,1.114718966,0
28-Dec-22,44556.5,85.5262,13.8188,10.5998,7.145372995,9.804900369,cloudy,0.984512813,0.543868907,0
29-Dec-22,44557.5,85.5262,13.8188,10.6011,6.937426266,14.39608643,stormy,1.796891068,2.300128999,1
30-Dec-22,44558.5,85.5262,13.8188,10.5874,6.742179362,14.10931144,clear,0.380900311,2.044758914,1
31-Dec-22,44559.5,85.5262,13.8188,10.5925,6.557523211,16.64289606,stormy,1.965184944,2.235963631,1
01-Jan-23,44560.5,85.5262,13.8188,10.5952,6.385627657,12.13540981,clear,1.61538124,1.035819405,1
02-Jan-23,44561.5,85.5262,13.8188,10.5834,6.225438625,8.285408989,clear,1.419659585,2.218440977,1
03-Jan-23,44562.5,85.5262,13.8188,10.591,6.07615106,15.07438869,clear,1.354319916,1.990941544,1
04-Jan-23,44563.5,85.5262,13.8188,10.5808,5.937593994,21.60405769,cloudy,1.174051764,1.415307448,1
05-Jan-23,44564.5,85.5262,13.8188,10.5775,5.808279936,18.28024456,clear,1.441340646,1.594564529,0
06-Jan-23,44565.5,85.5262,13.8188,10.5867,5.689275233,11.76735732,clear,0.843811112,1.919801258,0
07-Jan-23,44566.5,85.5262,13.8188,10.5773,5.579180355,23.71046046,clear,1.690576216,1.73323044,0
08-Jan-23,44567.5,85.5262,13.8188,10.5716,5.47831092,23.24415142,stormy,1.392691912,2.104570165,0
09-Jan-23,44568.5,85.5262,13.8188,10.5619,5.387811751,9.186967988,clear,1.542506225,0.952448944,0
10-Jan-23,44569.5,85.5262,13.8188,10.5657,5.305388563,5.788351702,cloudy,1.584974844,1.851774887,0
11-Jan-23,44570.5,85.5262,13.8188,10.5798,5.231085096,19.82617417,clear,0.184140091,1.625698707,0
12-Jan-23,44571.5,85.5262,13.8188,10.5712,5.16669053,21.55220523,clear,0.111281545,1.652551235,1
13-Jan-23,44572.5,85.5262,13.8188,10.5784,5.111249167,24.35729132,stormy,1.601971737,1.673455126,0
14-Jan-23,44573.5,85.5262,13.8188,10.582,5.061829934,22.79672788,cloudy,0.518768042,2.70367991,1
15-Jan-23,44574.5,85.5262,13.8188,10.5794,5.017217864,17.01069536,cloudy,1.163939615,2.546568603,0
16-Jan-23,44575.5,85.5262,13.8188,10.5812,4.977041359,15.60104678,cloudy,0.88742171,2.073924903,1
17-Jan-23,44576.5,85.5262,13.8188,10.5832,4.941416291,5.556821025,clear,0.044078407,2.291217339,0
18-Jan-23,44577.5,85.5262,13.8188,10.5802,4.910493576,9.933128937,clear,0.080562516,0.60700659,0
19-Jan-23,44578.5,85.5262,13.8188,10.5844,4.88388714,14.19229503,cloudy,1.654250485,2.359979298,0
20-Jan-23,44579.5,85.5262,13.8188,10.5915,95.68784048,17.570078,cloudy,1.215355123,1.715411721,0
21-Jan-23,44580.5,85.5262,13.8188,10.5905,97.12624842,16.14503667,stormy,1.047686157,1.294368911,1
22-Jan-23,44581.5,85.5262,13.8188,10.584,98.64578899,19.85271979,cloudy,1.888704167,0.849442415,0
23-Jan-23,44582.5,85.5262,13.8188,10.5996,100.2565738,10.59533862,clear,0.346230052,0.688021976,1
24-Jan-23,44583.5,85.5262,13.8188,10.6217,101.9511309,16.29905215,clear,0.515941679,0.612214214,0
25-Jan-23,44584.5,85.5262,13.8188,10.6304,103.6596514,6.762844868,clear,1.513478156,0.904490437,0
26-Jan-23,44585.5,85.5262,13.8188,10.6322,105.3460137,13.27331047,stormy,1.550470456,0.575359487,0
27-Jan-23,44586.5,85.5262,13.8188,10.6431,106.9910268,20.00321666,cloudy,0.809794393,2.331605606,0
28-Jan-23,44587.5,85.5262,13.8188,10.6402,108.4885107,18.86801707,clear,1.901956869,1.121535298,1
29-Jan-23,44588.5,85.5262,13.8188,10.6404,109.8052487,24.81285474,stormy,1.876509155,1.421851067,1
30-Jan-23,44589.5,85.5262,13.8188,10.6269,110.920781,10.55782252,stormy,0.02481943,2.556790535,1
31-Jan-23,44590.5,85.5262,13.8188,10.6298,111.8550657,14.96378598,clear,0.344655805,0.786643741,0
01-Feb-23,44591.5,85.5262,13.8188,10.6122,112.4948965,11.59060828,stormy,1.640438883,2.588985076,0
02-Feb-23,44592.5,85.5262,13.8188,10.6146,113.0144134,13.81206228,stormy,0.67043337,2.098850876,0
03-Feb-23,44593.5,85.5262,13.8188,10.5985,113.4705745,22.1390026,clear,0.190925357,1.355073787,0
04-Feb-23,44594.5,85.5262,13.8188,10.5707,113.9331522,18.6841815,stormy,1.569998349,0.794518033,1
05-Feb-23,44595.5,85.5262,13.8188,10.5623,114.3486115,22.64882383,clear,0.909167011,0.728731743,1
06-Feb-23,44596.5,85.5262,13.8188,10.5669,114.7743493,9.070222167,clear,0.984821573,1.338785865,1
07-Feb-23,44597.5,85.5262,13.8188,10.5425,115.250445,22.46722236,stormy,0.372738778,0.850854932,0
08-Feb-23,44598.5,85.5262,13.8188,10.5387,115.7843719,6.195245484,clear,1.321790108,1.169275741,1
09-Feb-23,44599.5,85.5262,13.8188,10.523,116.4467194,22.77198561,clear,1.102482636,0.632389501,0
10-Feb-23,44600.5,85.5262,13.8188,10.5177,117.0726096,11.58147559,cloudy,0.413345876,1.987521054,1
11-Feb-23,44601.5,85.5262,13.8188,10.5054,117.8588831,11.29175267,clear,0.680663017,0.863190292,1
12-Feb-23,44602.5,85.5262,13.8188,10.4912,118.75493,15.24177153,cloudy,1.193758575,2.391830783,1
13-Feb-23,44603.5,85.5262,13.8188,10.4898,119.7716965,23.81380375,cloudy,1.849744511,1.045437441,1
14-Feb-23,44604.5,85.5262,13.8188,10.4768,120.9891341,5.955627294,cloudy,1.840752701,2.494941448,0
15-Feb-23,44605.5,85.5262,13.8188,10.4556,122.41991,12.0446195,cloudy,0.575811809,0.974704966,0
16-Feb-23,44606.5,85.5262,13.8188,10.4573,124.0128681,22.13143977,stormy,1.471241956,2.303416409,1
17-Feb-23,44607.5,85.5262,13.8188,10.4631,125.7575293,12.92108955,stormy,1.551038161,1.332686699,1
18-Feb-23,44608.5,85.5262,13.8188,10.4745,127.6903256,8.983137952,clear,1.6176462,1.957799987,0
19-Feb-23,44609.5,85.5262,13.8188,10.4641,129.7579338,13.49588363,clear,1.14152457,0.596654536,1
20-Feb-23,44610.5,85.5262,13.8188,10.4736,131.8003222,12.71105003,clear,0.021015996,1.738111086,1
21-Feb-23,44611.5,85.5262,13.8188,10.4733,133.727999,23.30832403,stormy,1.523352571,0.871719737,1
22-Feb-23,44612.5,85.5262,13.8188,10.485,135.5896839,20.23868751,cloudy,0.2131949,1.715800568,0
23-Feb-23,44613.5,85.5262,13.8188,10.4915,137.4789828,15.10231111,stormy,0.233742772,0.853397827,0
24-Feb-23,44614.5,85.5262,13.8188,10.4798,139.3530897,24.76741133,stormy,1.211249605,1.5927228,1
25-Feb-23,44615.5,85.5262,13.8188,10.4765,141.1619023,14.30555063,clear,1.967041042,0.776552051,1
26-Feb-23,44616.5,85.5262,13.8188,10.4839,142.9187426,6.164756616,clear,0.485078947,1.049878794,0
27-Feb-23,44617.5,85.5262,13.8188,10.5017,144.5488591,10.24548644,clear,1.29162176,1.987697339,0
28-Feb-23,44618.5,85.5262,13.8188,10.5184,146.0768002,13.7214096,cloudy,0.607307291,2.941651593,0
01-Mar-23,44619.5,85.5262,13.8188,10.5157,147.6039575,8.138052483,cloudy,1.797452227,1.622961921,0
02-Mar-23,44620.5,85.5262,13.8188,10.4987,148.9846399,23.95130253,stormy,1.187033784,2.217934232,0
03-Mar-23,44621.5,85.5262,13.8188,10.4954,150.2751159,20.33697796,cloudy,0.414954655,1.848561678,0
04-Mar-23,44622.5,85.5262,13.8188,10.481,151.321409,10.36574401,clear,0.524262101,1.745894836,0
05-Mar-23,44623.5,85.5262,13.8188,10.487,152.167851,16.81609067,cloudy,0.864961461,0.661760492,0
06-Mar-23,44624.5,85.5262,13.8188,10.495,152.6701613,19.42898314,cloudy,0.244087124,0.860743506,1
07-Mar-23,44625.5,85.5262,13.8188,10.4992,152.8848171,23.82557858,cloudy,0.157466737,2.707644323,1
08-Mar-23,44626.5,85.5262,13.8188,10.5002,152.6772563,22.63270698,cloudy,1.360122791,1.525410788,0
09-Mar-23,44627.5,85.5262,13.8188,10.5217,152.481177,15.30384452,clear,0.814330124,2.035831191,1
10-Mar-23,44628.5,85.5262,13.8188,10.5288,151.5021541,20.4930524,clear,1.452451584,1.820583082,0
11-Mar-23,44629.5,85.5262,13.8188,10.523,150.0982129,16.24289508,stormy,0.220116401,1.447205949,1
12-Mar-23,44630.5,85.5262,13.8188,10.5375,148.2522651,16.0540778,stormy,1.219731096,1.469541357,0
13-Mar-23,44631.5,85.5262,13.8188,10.5436,145.9167722,7.294839167,stormy,0.886613587,1.888662515,0
14-Mar-23,44632.5,85.5262,13.8188,10.544,143.2066348,7.52275316,cloudy,0.115997309,0.852854504,1
15-Mar-23,44633.5,85.5262,13.8188,10.5354,140.1030605,15.5906723,cloudy,1.089603957,1.468147601,1
16-Mar-23,44634.5,85.5262,13.8188,10.5414,136.6894181,10.3772309,clear,0.165608549,1.617438924,1
17-Mar-23,44635.5,85.5262,13.8188,10.553,133.0029538,5.420738049,stormy,1.655439496,2.962815559,1
18-Mar-23,44636.5,85.5262,13.8188,10.5643,129.1764139,19.45678408,clear,1.263914931,1.378636923,1
19-Mar-23,44637.5,85.5262,13.8188,10.5619,125.2548706,5.649731934,stormy,1.113935068,2.11144724,0
20-Mar-23,44638.5,85.5262,13.8188,10.5595,121.2486033,16.90553682,stormy,0.266938009,0.84353875,0
21-Mar-23,44639.5,85.5262,13.8188,10.5646,117.2299864,15.78387588,stormy,0.574914227,0.663703455,0
22-Mar-23,44640.5,85.5262,13.8188,10.571,113.2039882,24.37629381,cloudy,0.985751794,2.678855035,1
23-Mar-23,44641.5,85.5262,13.8188,10.5629,109.2378656,14.68426279,stormy,1.266567027,2.326837256,0
24-Mar-23,44642.5,85.5262,13.8188,10.5621,105.36281,6.272028728,stormy,0.366461437,1.293748219,0
25-Mar-23,44643.5,85.5262,13.8188,10.5736,101.563047,16.03375936,cloudy,0.017732556,1.761445007,1
26-Mar-23,44644.5,85.5262,13.8188,10.5769,97.85804704,21.82192341,stormy,0.689520375,0.839360461,0
27-Mar-23,44645.5,85.5262,13.8188,10.5721,94.25892266,24.93698569,cloudy,0.965742909,2.267900735,1
28-Mar-23,44646.5,85.5262,13.8188,10.5856,90.83807789,13.60686347,cloudy,0.368867011,0.67582648,1
29-Mar-23,44647.5,85.5262,13.8188,10.5717,87.58263487,11.40597485,clear,0.984331012,2.392582642,0
30-Mar-23,44648.5,85.5262,13.8188,10.5673,84.57451786,23.13306594,cloudy,0.676971717,1.867091276,0
31-Mar-23,44649.5,85.5262,13.8188,10.582,81.7883711,8.824842582,cloudy,0.910179332,1.197126325,1
01-Apr-23,44650.5,85.5262,13.8188,10.5907,79.28057712,17.3085783,cloudy,0.694915501,2.656435885,1
02-Apr-23,44651.5,85.5262,13.8188,10.5818,77.07376706,13.11428848,stormy,1.2569357,2.965179676,0
03-Apr-23,44652.5,85.5262,13.8188,10.5867,75.26503241,5.821647299,clear,0.085794022,1.135872753,0
04-Apr-23,44653.5,85.5262,13.8188,10.5779,73.95247461,11.94576949,stormy,0.34181058,2.515615374,0
05-Apr-23,44654.5,85.5262,13.8188,10.5821,73.23392911,10.30457045,cloudy,0.865501738,2.375415791,0
06-Apr-23,44655.5,85.5262,13.8188,10.5835,73.2698743,18.72182308,cloudy,0.712593431,2.367975303,0
07-Apr-23,44656.5,85.5262,13.8188,10.5825,74.21039758,23.97580995,clear,0.783263912,2.893089029,1
08-Apr-23,44657.5,85.5262,13.8188,10.5748,76.3073891,10.36094375,clear,1.60752139,1.716542731,1
09-Apr-23,44658.5,85.5262,13.8188,10.5641,78.30735545,21.22931878,cloudy,1.772663316,2.185420101,0
10-Apr-23,44659.5,85.5262,13.8188,10.5708,79.82666308,6.107196339,cloudy,0.497337567,2.559693409,0
11-Apr-23,44660.5,85.5262,13.8188,10.5855,80.75964804,15.7624202,stormy,1.672782121,1.698841113,0
12-Apr-23,44661.5,85.5262,13.8188,10.573,81.0731182,6.411001274,cloudy,0.917579731,1.703578007,0
13-Apr-23,44662.5,85.5262,13.8188,10.5692,80.83250173,23.68065982,stormy,0.547641239,1.296636885,0
14-Apr-23,44663.5,85.5262,13.8188,10.5894,80.03579877,20.32702561,clear,1.970912142,2.452064282,1
15-Apr-23,44664.5,85.5262,13.8188,10.6006,79.25469493,18.15899822,stormy,1.649603583,2.215489449,1
16-Apr-23,44665.5,85.5262,13.8188,10.5971,78.52505768,21.47792763,cloudy,1.988506638,1.627849749,0
17-Apr-23,44666.5,85.5262,13.8188,10.6035,77.79558343,17.95039591,stormy,0.336381569,1.548341643,0
18-Apr-23,44667.5,85.5262,13.8188,10.6055,77.06978585,24.37888794,stormy,0.287685348,0.681474108,0
19-Apr-23,44668.5,85.5262,13.8188,10.5982,76.335635,19.27915896,clear,1.006755906,0.516252867,1
20-Apr-23,44669.5,85.5262,13.8188,10.6092,75.61765622,23.49317219,stormy,1.27728752,1.822234916,1
21-Apr-23,44670.5,85.5262,13.8188,10.6223,74.90388531,15.34263784,cloudy,0.342120185,1.543732131,1
22-Apr-23,44671.5,85.5262,13.8188,10.6277,74.23890881,7.34128826,stormy,1.720861336,2.4900919,0
23-Apr-23,44672.5,85.5262,13.8188,10.6373,73.63765617,15.56355443,stormy,1.064026957,1.856635141,0
24-Apr-23,44673.5,85.5262,13.8188,10.6665,73.1385914,7.537456561,stormy,0.821883666,2.841765108,1
25-Apr-23,44674.5,85.5262,13.8188,10.6751,72.7670048,16.84986958,cloudy,1.204107346,0.990351997,1
26-Apr-23,44675.5,85.5262,13.8188,10.6709,72.49082199,14.64986121,stormy,1.269907426,2.975375851,0
27-Apr-23,44676.5,85.5262,13.8188,10.6673,72.4221398,17.45150796,cloudy,0.085566562,1.244797986,1
28-Apr-23,44677.5,85.5262,13.8188,10.6644,72.54103427,5.200939621,stormy,1.999785333,2.106059934,1
29-Apr-23,44678.5,85.5262,13.8188,10.6577,72.87408367,8.896809833,clear,0.727839154,1.754634284,1
30-Apr-23,44679.5,85.5262,13.8188,10.6613,73.3965743,14.82660864,clear,0.123085294,1.398941003,0
01-May-23,44680.5,85.5262,13.8188,10.6595,74.15082788,24.01007123,clear,1.70464635,0.848272958,0
02-May-23,44681.5,85.5262,13.8188,10.6574,75.13095697,12.67218081,cloudy,1.986037358,0.837085379,1
03-May-23,44682.5,85.5262,13.8188,10.677,76.36323004,13.48744052,cloudy,1.632717018,2.278764568,1
04-May-23,44683.5,85.5262,13.8188,10.6897,77.77600607,19.29392178,cloudy,1.70376498,1.444103457,0
05-May-23,44684.5,85.5262,13.8188,10.6867,79.42631662,17.07585515,stormy,1.251870228,2.903244935,0
06-May-23,44685.5,85.5262,13.8188,10.6654,81.23137112,10.978523,cloudy,1.844651156,1.314121216,1
07-May-23,44686.5,85.5262,13.8188,10.6625,83.24733183,13.21632791,cloudy,0.071477103,2.958809304,1
08-May-23,44687.5,85.5262,13.8188,10.6663,85.45606827,9.353995977,cloudy,1.533447726,1.013558141,1
09-May-23,44688.5,85.5262,13.8188,10.6601,87.82324805,24.32042918,cloudy,1.341420457,0.757035966,0
10-May-23,44689.5,85.5262,13.8188,10.6759,90.35872805,7.612687631,clear,0.099169941,1.281424334,1
11-May-23,44690.5,85.5262,13.8188,10.6613,93.01580416,12.43673569,stormy,1.087947158,2.713961974,1
12-May-23,44691.5,85.5262,13.8188,10.6236,95.80963185,5.516779444,clear,1.030120692,1.804629861,1
13-May-23,44692.5,85.5262,13.8188,10.5929,98.71415563,9.435589839,stormy,1.38306845,0.839125265,1
14-May-23,44693.5,85.5262,13.8188,10.6277,101.7420595,20.60942277,stormy,0.155062823,1.006247624,1
15-May-23,44694.5,85.5262,13.8188,10.6011,104.5656406,9.023504646,clear,1.610557571,1.278151655,0
16-May-23,44695.5,85.5262,13.8188,10.6149,107.1941656,6.601268051,cloudy,0.278806884,1.975416845,1
17-May-23,44696.5,85.5262,13.8188,10.6163,109.6186918,14.4890636,clear,0.837329227,1.33094735,1
18-May-23,44697.5,85.5262,13.8188,10.5993,111.8879494,5.199384695,stormy,1.762576015,2.367635205,0
19-May-23,44698.5,85.5262,13.8188,10.5901,113.9496701,6.695323089,stormy,1.121063211,2.04073389,0
20-May-23,44699.5,85.5262,13.8188,10.5816,115.850805,21.15251739,cloudy,0.759181828,2.684559343,1
21-May-23,44700.5,85.5262,13.8188,10.5574,117.6371036,20.4294669,clear,0.096404484,1.752404566,1
22-May-23,44701.5,85.5262,13.8188,10.5451,119.4003591,23.30277641,stormy,1.344547034,1.327941035,1
23-May-23,44702.5,85.5262,13.8188,10.539,121.0853482,22.09030872,clear,1.973093531,2.99067892,0
24-May-23,44703.5,85.5262,13.8188,10.5303,122.6845492,18.66351126,cloudy,1.823592798,1.389083305,0
25-May-23,44704.5,85.5262,13.8188,10.5064,124.2201624,6.046657146,cloudy,1.434592155,1.571506599,0
26-May-23,44705.5,85.5262,13.8188,10.495,125.7160474,20.65697236,stormy,0.210585717,2.522818063,0
27-May-23,44706.5,85.5262,13.8188,10.5073,127.1319946,21.91021622,cloudy,0.478880187,0.721590585,1
28-May-23,44707.5,85.5262,13.8188,10.5028,128.3277306,20.98164292,stormy,0.373698039,1.466225265,0
29-May-23,44708.5,85.5262,13.8188,10.5015,129.1011962,15.16958071,stormy,0.710923281,0.714275234,1
30-May-23,44709.5,85.5262,13.8188,10.5131,129.4318146,9.658036773,cloudy,0.471034456,0.848264667,0
31-May-23,44710.5,85.5262,13.8188,10.5366,128.8660497,21.90659951,cloudy,0.488878892,0.511602064,1
01-Jun-23,44711.5,85.5262,13.8188,10.5619,127.4327411,19.54325619,clear,1.233459871,0.523860731,1
02-Jun-23,44712.5,85.5262,13.8188,10.5614,125.5577568,24.61522349,clear,0.637405312,1.450719724,1
03-Jun-23,44713.5,85.5262,13.8188,10.5704,123.7254232,8.113851955,stormy,1.354325753,2.522909512,0
04-Jun-23,44714.5,85.5262,13.8188,10.5716,121.9278522,9.513291661,clear,1.895779318,1.967510901,1
05-Jun-23,44715.5,85.5262,13.8188,10.5666,120.2017803,9.235962998,stormy,1.276955833,2.08728511,1
06-Jun-23,44716.5,85.5262,13.8188,10.5947,118.5287099,20.85079535,cloudy,1.503313354,1.798123094,1
07-Jun-23,44717.5,85.5262,13.8188,10.5954,116.8758439,8.738145929,cloudy,1.503160831,2.54948286,0
08-Jun-23,44718.5,85.5262,13.8188,10.5837,115.3361554,6.333196596,clear,0.661405577,2.700946813,1
09-Jun-23,44719.5,85.5262,13.8188,10.5907,113.878698,24.97121613,stormy,0.029915989,2.62435182,0
10-Jun-23,44720.5,85.5262,13.8188,10.6015,112.4394458,5.496344229,stormy,0.110095926,2.530330265,1
11-Jun-23,44721.5,85.5262,13.8188,10.606,111.0312522,21.7048812,clear,0.564120502,0.956782684,0
12-Jun-23,44722.5,85.5262,13.8188,10.6234,109.6254551,12.30733683,stormy,1.379086367,1.984690563,1
13-Jun-23,44723.5,85.5262,13.8188,10.6204,108.2218596,21.8323092,stormy,1.813366277,1.95540799,1
14-Jun-23,44724.5,85.5262,13.8188,10.6163,106.8847778,16.09240982,cloudy,1.917596524,1.819860009,1
15-Jun-23,44725.5,85.5262,13.8188,10.6073,105.5956154,23.03262459,stormy,0.051697328,1.702031973,1
16-Jun-23,44726.5,85.5262,13.8188,10.6008,104.3485339,23.52385973,stormy,1.980174491,0.722926193,0
17-Jun-23,44727.5,85.5262,13.8188,10.6083,103.1496504,5.181963626,stormy,0.644994437,0.755408085,1
18-Jun-23,44728.5,85.5262,13.8188,10.6245,101.9796781,6.50824352,clear,1.685912456,2.755703926,1
19-Jun-23,44729.5,85.5262,13.8188,10.6213,100.8465343,10.00717459,clear,0.360590921,2.075466098,1
20-Jun-23,44730.5,85.5262,13.8188,10.6388,99.67583606,18.38630833,clear,0.125796515,1.155793036,0
21-Jun-23,44731.5,85.5262,13.8188,10.6239,98.49914168,22.76544393,stormy,0.756710848,1.198250973,0
22-Jun-23,44732.5,85.5262,13.8188,10.6119,97.29216608,14.19883903,stormy,1.717850777,2.025487079,0
23-Jun-23,44733.5,85.5262,13.8188,10.6001,96.04531604,17.13946233,clear,0.441649832,1.517337437,1
24-Jun-23,44734.5,85.5262,13.8188,10.5917,94.8162161,8.769997056,clear,0.307914652,1.603310427,0
25-Jun-23,44735.5,85.5262,13.8188,10.5857,93.61167971,21.09933668,stormy,1.819608658,0.651624976,0
26-Jun-23,44736.5,85.5262,13.8188,10.5777,92.39928781,24.34656223,stormy,1.876674405,0.846847968,0
27-Jun-23,44737.5,85.5262,13.8188,10.5984,91.16541354,10.37197866,cloudy,0.025096398,1.483376066,1
28-Jun-23,44738.5,85.5262,13.8188,10.6066,89.94437355,14.89651903,clear,1.454871475,2.24921605,0
29-Jun-23,44739.5,85.5262,13.8188,10.5829,88.67375713,6.72232221,stormy,0.618415473,0.620063469,1
30-Jun-23,44740.5,85.5262,13.8188,10.5858,87.40424517,16.18273313,clear,0.74940874,1.336394482,0
01-Jul-23,44741.5,85.5262,13.8188,10.5754,86.12325456,15.05566884,clear,0.93820595,2.23767988,0
02-Jul-23,44742.5,85.5262,13.8188,10.5612,84.85392377,7.888729683,clear,0.85358194,2.480126976,1
03-Jul-23,44743.5,85.5262,13.8188,10.5509,83.60242811,13.84132426,cloudy,1.02994757,0.97555176,1
04-Jul-23,44744.5,85.5262,13.8188,10.5505,82.36860548,11.68209304,stormy,1.164723431,2.32871783,1
05-Jul-23,44745.5,85.5262,13.8188,10.5431,81.14041707,15.43661751,stormy,0.93119101,2.888529235,0
06-Jul-23,44746.5,85.5262,13.8188,10.527,79.90852027,16.71308671,clear,1.403127081,2.767030375,1
07-Jul-23,44747.5,85.5262,13.8188,10.5495,78.69672685,5.169911572,stormy,1.437203326,2.473440193,1
08-Jul-23,44748.5,85.5262,13.8188,10.5556,77.5342755,20.22011966,cloudy,0.880718395,2.280816715,0
09-Jul-23,44749.5,85.5262,13.8188,10.5234,76.3953123,19.26028584,clear,0.284926296,1.08784577,1
10-Jul-23,44750.5,85.5262,13.8188,10.5168,75.28570873,12.32572772,cloudy,1.281277843,2.084758068,1
11-Jul-23,44751.5,85.5262,13.8188,10.5442,74.2296581,6.058718711,cloudy,1.545913425,2.108184985,0
12-Jul-23,44752.5,85.5262,13.8188,10.5451,73.17279296,20.0986508,stormy,1.276219042,1.51705333,0
13-Jul-23,44753.5,85.5262,13.8188,10.5486,72.09826579,24.10350321,stormy,1.176109532,1.732538654,0
14-Jul-23,44754.5,85.5262,13.8188,10.5385,71.03024883,9.80303192,cloudy,0.458823982,2.23507122,1
15-Jul-23,44755.5,85.5262,13.8188,10.5347,69.95605736,11.47049227,stormy,1.290274082,2.880253839,0
16-Jul-23,44756.5,85.5262,13.8188,10.5364,68.86994886,8.67625779,cloudy,0.669712429,1.238265521,1
17-Jul-23,44757.5,85.5262,13.8188,10.5325,67.74821735,16.53872247,cloudy,1.839117726,1.11590788,0
18-Jul-23,44758.5,85.5262,13.8188,10.5219,66.65962251,8.096827893,clear,1.307440186,2.004517231,0
19-Jul-23,44759.5,85.5262,13.8188,10.5241,65.61855331,12.12387887,cloudy,0.556359353,0.826997779,0
20-Jul-23,44760.5,85.5262,13.8188,10.5226,64.65728595,18.94026028,cloudy,0.945853819,1.956332076,1
21-Jul-23,44761.5,85.5262,13.8188,10.5276,63.74975082,16.20231966,stormy,1.693162552,0.722128713,1
22-Jul-23,44762.5,85.5262,13.8188,10.5385,62.8905303,12.72925129,clear,0.670927902,1.726459699,1
23-Jul-23,44763.5,85.5262,13.8188,10.5266,62.11147201,13.40499204,stormy,1.05088114,2.051035937,1
24-Jul-23,44764.5,85.5262,13.8188,10.5106,61.37389196,16.24221765,clear,1.359339947,0.675274098,1
25-Jul-23,44765.5,85.5262,13.8188,10.5227,60.67776561,5.117294558,stormy,1.509058678,1.01738288,0
26-Jul-23,44766.5,85.5262,13.8188,10.5243,60.13247626,6.570197369,cloudy,0.34778435,1.338435712,0
27-Jul-23,44767.5,85.5262,13.8188,10.5179,59.26179848,22.62516136,clear,1.130304609,1.421496738,0
28-Jul-23,44768.5,85.5262,13.8188,10.5083,58.56374248,6.557579782,clear,1.824399801,2.190261608,0
29-Jul-23,44769.5,85.5262,13.8188,10.4941,57.93472896,19.13607192,clear,1.936719563,1.822553351,1
30-Jul-23,44770.5,85.5262,13.8188,10.4826,57.36138057,23.40076328,clear,1.312290085,1.455271176,1
31-Jul-23,44771.5,85.5262,13.8188,10.5009,56.79715103,10.41367209,stormy,1.967321608,1.626690636,1
01-Aug-23,44772.5,85.5262,13.8188,10.5,56.21973076,12.40982874,stormy,1.141470498,0.532441677,0
02-Aug-23,44773.5,85.5262,13.8188,10.496,55.60436143,16.37842812,clear,0.88521006,2.426313198,0
03-Aug-23,44774.5,85.5262,13.8188,10.5283,54.95424612,22.63417939,clear,1.103174918,0.602511722,1
04-Aug-23,44775.5,85.5262,13.8188,10.5302,54.27182527,23.83811175,clear,0.231424789,2.573293732,0
05-Aug-23,44776.5,85.5262,13.8188,10.5235,53.53499084,19.79126496,stormy,0.803431839,1.852491304,0
06-Aug-23,44777.5,85.5262,13.8188,10.5129,52.72262102,6.732395217,clear,0.916810106,1.819547978,1
07-Aug-23,44778.5,85.5262,13.8188,10.5071,51.84772812,18.38308311,clear,1.697255597,2.261446569,0
08-Aug-23,44779.5,85.5262,13.8188,10.4967,50.97885218,13.20607444,clear,1.517297185,2.648898832,1
09-Aug-23,44780.5,85.5262,13.8188,10.5201,50.07963976,14.41401999,stormy,1.20285317,2.856615366,0
10-Aug-23,44781.5,85.5262,13.8188,10.5215,49.15571741,5.982967807,cloudy,0.69455447,1.858424718,1
11-Aug-23,44782.5,85.5262,13.8188,10.5153,48.19191574,8.821242787,cloudy,0.374069171,0.87664558,0
12-Aug-23,44783.5,85.5262,13.8188,10.5328,47.23125023,20.81027215,stormy,0.695530042,2.696577315,1
13-Aug-23,44784.5,85.5262,13.8188,10.5434,46.22886519,14.07917666,cloudy,1.359608142,0.601680046,1
14-Aug-23,44785.5,85.5262,13.8188,10.5352,45.23026407,11.03324483,clear,0.526075598,2.518342927,0
15-Aug-23,44786.5,85.5262,13.8188,10.5305,44.19971937,12.68038148,clear,0.853773391,2.201054066,0
16-Aug-23,44787.5,85.5262,13.8188,10.5237,43.09315624,22.08799027,stormy,0.77354047,2.761819019,1
17-Aug-23,44788.5,85.5262,13.8188,10.5391,41.98034165,19.97998035,stormy,1.531180128,2.743657876,1
18-Aug-23,44789.5,85.5262,13.8188,10.5404,40.89329109,10.44630794,cloudy,1.767574125,0.632885214,1
19-Aug-23,44790.5,85.5262,13.8188,10.5279,39.78083764,7.350036804,cloudy,1.398741914,2.023616018,1
20-Aug-23,44791.5,85.5262,13.8188,10.5178,38.63669822,10.03996443,clear,0.683204522,0.811678638,1
21-Aug-23,44792.5,85.5262,13.8188,10.5321,37.52724612,23.41512902,stormy,0.866354098,0.696171529,0
22-Aug-23,44793.5,85.5262,13.8188,10.527,36.44579471,16.63177676,cloudy,0.286700308,1.620692865,0
23-Aug-23,44794.5,85.5262,13.8188,10.5165,35.41444712,15.66960417,cloudy,0.336194896,0.74399385,0
24-Aug-23,44795.5,85.5262,13.8188,10.5112,34.42761154,16.92787199,clear,0.328585135,2.319755958,0
25-Aug-23,44796.5,85.5262,13.8188,10.5118,33.49786318,12.32056531,clear,0.261172715,2.922351776,0
26-Aug-23,44797.5,85.5262,13.8188,10.5249,32.62934163,21.14214041,clear,0.359162457,1.923957394,1
27-Aug-23,44798.5,85.5262,13.8188,10.5318,31.81305528,15.46572499,clear,0.405376405,1.087922174,0
28-Aug-23,44799.5,85.5262,13.8188,10.5172,31.03607669,7.334958055,cloudy,0.223691888,2.608015979,0
29-Aug-23,44800.5,85.5262,13.8188,10.5008,30.30511746,7.581302497,stormy,1.280521444,2.632758437,1
30-Aug-23,44801.5,85.5262,13.8188,10.5003,29.52954544,15.73718293,stormy,1.980803069,2.331964931,1
31-Aug-23,44802.5,85.5262,13.8188,10.5045,28.79716542,23.73140436,clear,1.758373489,2.037830462,0
01-Sep-23,44803.5,85.5262,13.8188,10.5068,28.15429439,11.16704243,clear,0.091205448,2.669481137,0
02-Sep-23,44804.5,85.5262,13.8188,10.4897,27.55027143,22.39082338,cloudy,0.846117618,0.908229205,1
03-Sep-23,44805.5,85.5262,13.8188,10.5022,27.06209656,20.28191173,clear,1.718621158,2.829000316,0
04-Sep-23,44806.5,85.5262,13.8188,10.4882,26.63194367,9.956248858,stormy,0.269349636,2.868007873,1
05-Sep-23,44807.5,85.5262,13.8188,10.4755,26.2923189,5.726814966,clear,1.695290293,2.679980935,0
06-Sep-23,44808.5,85.5262,13.8188,10.4793,26.02296132,7.036945303,stormy,1.185401276,1.126655087,0
07-Sep-23,44809.5,85.5262,13.8188,10.5006,25.77631846,19.56987868,clear,1.862597105,2.645445966,0
08-Sep-23,44810.5,85.5262,13.8188,10.5,25.55070871,8.993394761,clear,1.752078229,1.74409553,0
09-Sep-23,44811.5,85.5262,13.8188,10.4926,25.3207021,12.42541841,stormy,1.354068644,1.987325594,1
10-Sep-23,44812.5,85.5262,13.8188,10.4801,25.08689076,15.03398332,cloudy,1.31564532,2.601501556,1
11-Sep-23,44813.5,85.5262,13.8188,10.4682,24.8543874,19.50936337,cloudy,0.426328405,0.573957111,0
12-Sep-23,44814.5,85.5262,13.8188,10.466,24.63163232,7.264624465,clear,0.233505934,1.40735648,0
13-Sep-23,44815.5,85.5262,13.8188,10.4737,24.38048574,13.12732811,clear,0.83078686,2.539233443,0
14-Sep-23,44816.5,85.5262,13.8188,10.4796,24.13348449,14.70145818,stormy,0.373160079,2.53488696,0
15-Sep-23,44817.5,85.5262,13.8188,10.4764,23.87056764,15.81654128,stormy,0.204833435,2.621719817,1
16-Sep-23,44818.5,85.5262,13.8188,10.4714,23.61575258,21.36721283,clear,0.604653467,0.92303975,1
17-Sep-23,44819.5,85.5262,13.8188,10.4756,23.36725447,8.433563901,stormy,1.720979886,2.264716546,0
18-Sep-23,44820.5,85.5262,13.8188,10.4633,23.11753376,21.15662904,cloudy,0.034296308,0.866258351,1
19-Sep-23,44821.5,85.5262,13.8188,10.4607,22.87390551,18.85756855,cloudy,0.585275363,2.462745022,1
20-Sep-23,44822.5,85.5262,13.8188,10.4535,22.63697811,16.11741628,stormy,0.84810437,1.112815011,0
21-Sep-23,44823.5,85.5262,13.8188,10.4485,22.43555227,18.99055741,stormy,1.021139499,2.344544319,0
22-Sep-23,44824.5,85.5262,13.8188,10.4448,22.23222005,13.24035478,stormy,0.363155017,1.637504046,0
23-Sep-23,44825.5,85.5262,13.8188,10.4552,22.02631197,7.767951719,cloudy,1.9284404,2.965658661,1
24-Sep-23,44826.5,85.5262,13.8188,10.4493,21.84776723,18.31530481,clear,1.157746087,1.949734577,1
25-Sep-23,44827.5,85.5262,13.8188,10.428,21.69227844,15.49344613,stormy,1.044221094,2.081448411,1
26-Sep-23,44828.5,85.5262,13.8188,10.425,21.5598932,17.78749601,stormy,0.017645178,1.420408785,1
27-Sep-23,44829.5,85.5262,13.8188,10.4273,21.45219846,11.75997562,stormy,0.971430759,2.336300395,0
28-Sep-23,44830.5,85.5262,13.8188,10.4251,21.36503068,23.13733155,clear,1.675341259,1.737214103,0
29-Sep-23,44831.5,85.5262,13.8188,10.4091,21.29709017,16.74739737,stormy,0.439289086,0.545166588,0
30-Sep-23,44832.5,85.5262,13.8188,10.4096,21.2414495,6.708049686,stormy,0.702415137,2.021453995,1
01-Oct-23,44833.5,85.5262,13.8188,10.4187,21.19755588,13.99607981,cloudy,0.041142929,2.576148976,0
02-Oct-23,44834.5,85.5262,13.8188,10.404,21.16709313,20.12712109,stormy,1.953855028,1.092004425,0
03-Oct-23,44835.5,85.5262,13.8188,10.4112,21.1444347,20.88269123,cloudy,0.133303594,1.052659388,1
04-Oct-23,44836.5,85.5262,13.8188,10.4204,21.12821533,14.89194106,clear,1.796442248,2.022215458,0
05-Oct-23,44837.5,85.5262,13.8188,10.424,21.11634202,22.89495142,stormy,0.625975428,2.544948191,1
06-Oct-23,44838.5,85.5262,13.8188,10.4176,21.09406566,10.35336874,stormy,1.175112804,1.124050845,1
07-Oct-23,44839.5,85.5262,13.8188,10.4128,21.06827192,13.21197394,cloudy,1.35863108,2.830656628,0
08-Oct-23,44840.5,85.5262,13.8188,10.418,21.03543379,22.97193821,clear,0.281658335,2.818468392,0
09-Oct-23,44841.5,85.5262,13.8188,10.415,21.00057307,22.92513433,clear,0.887518756,1.00134168,1
10-Oct-23,44842.5,85.5262,13.8188,10.418,20.96351567,18.71425538,cloudy,0.6509322,1.15946103,0
11-Oct-23,44843.5,85.5262,13.8188,10.4195,20.93044181,22.17961094,clear,0.113204931,2.251497027,0
12-Oct-23,44844.5,85.5262,13.8188,10.4244,20.90342786,6.775465339,clear,1.666387309,2.879332773,1
13-Oct-23,44845.5,85.5262,13.8188,10.4385,20.88409806,22.29989952,clear,0.090335513,2.274706722,0
14-Oct-23,44846.5,85.5262,13.8188,10.433,20.88018127,11.41239813,clear,1.306515919,1.612250125,1
15-Oct-23,44847.5,85.5262,13.8188,10.4321,20.89315832,8.566630249,clear,0.628154753,0.922503366,1
16-Oct-23,44848.5,85.5262,13.8188,10.4282,20.92965405,9.787396727,clear,0.384258654,1.652524622,1
17-Oct-23,44849.5,85.5262,13.8188,10.4291,20.99571766,13.35937016,clear,1.334172103,2.01691948,1
18-Oct-23,44850.5,85.5262,13.8188,10.4379,21.09842495,10.02384009,clear,1.149075429,1.327379797,0
19-Oct-23,44851.5,85.5262,13.8188,10.4344,21.24144481,11.41135172,stormy,0.630512515,1.775644553,0
20-Oct-23,44852.5,85.5262,13.8188,10.4276,21.43260894,7.699569721,cloudy,1.025921497,0.825535321,0
21-Oct-23,44853.5,85.5262,13.8188,10.419,21.67301093,10.92353531,clear,0.492474202,1.630470261,1
22-Oct-23,44854.5,85.5262,13.8188,10.4187,21.96566859,16.44567629,cloudy,1.727392918,0.726939547,0
23-Oct-23,44855.5,85.5262,13.8188,10.4224,22.3120202,13.83707416,clear,0.627637561,0.622721875,1
24-Oct-23,44856.5,85.5262,13.8188,10.4167,22.71057566,11.93437522,clear,0.490306059,2.643099789,1
25-Oct-23,44857.5,85.5262,13.8188,10.4012,23.15966572,19.92904258,stormy,1.503667422,1.01270396,0
26-Oct-23,44858.5,85.5262,13.8188,10.4055,23.65197905,22.87019943,cloudy,0.035184976,1.937888323,0
27-Oct-23,44859.5,85.5262,13.8188,10.4122,24.17643316,20.13578446,cloudy,0.536023464,0.872456896,1
28-Oct-23,44860.5,85.5262,13.8188,10.4081,24.72524563,11.64001404,stormy,0.750790441,1.156318927,1
29-Oct-23,44861.5,85.5262,13.8188,10.3765,25.28567796,19.88884336,stormy,1.764475924,1.403348549,1
30-Oct-23,44862.5,85.5262,13.8188,10.3685,25.84338768,8.039603649,cloudy,1.900883605,0.859191091,1
31-Oct-23,44863.5,85.5262,13.8188,10.3862,26.39200322,7.606359762,clear,1.432955934,0.614905743,0
01-Nov-23,44864.5,85.5262,13.8188,10.3861,26.91536064,11.91254074,clear,0.985063562,2.692899505,0
02-Nov-23,44865.5,85.5262,13.8188,10.3778,27.39929793,21.15404738,cloudy,1.281243098,0.52958209,0
03-Nov-23,44866.5,85.5262,13.8188,10.3718,27.84052563,9.926964945,clear,0.828002103,0.653302457,1
04-Nov-23,44867.5,85.5262,13.8188,10.3703,28.22584266,6.265068178,stormy,0.597651664,2.512680402,1
05-Nov-23,44868.5,85.5262,13.8188,10.3668,28.5536676,7.634190704,stormy,1.901376136,1.205020842,0
06-Nov-23,44869.5,85.5262,13.8188,10.3711,28.81594127,22.17489937,stormy,0.230780458,2.307050753,0
07-Nov-23,44870.5,85.5262,13.8188,10.3795,29.00995616,17.67566569,cloudy,0.692787136,0.865564373,0
08-Nov-23,44871.5,85.5262,13.8188,10.3922,29.13650867,10.06402327,cloudy,1.79817792,1.093204371,1
09-Nov-23,44872.5,85.5262,13.8188,10.3833,29.19777226,16.10591651,cloudy,1.446282861,1.931941291,1
10-Nov-23,44873.5,85.5262,13.8188,10.385,29.19574149,15.55159245,clear,0.058202903,2.971589596,1
11-Nov-23,44874.5,85.5262,13.8188,10.3916,29.13405346,18.10871957,cloudy,0.046199347,0.683611175,0
12-Nov-23,44875.5,85.5262,13.8188,10.4032,29.01696992,9.663751088,cloudy,1.033024925,1.501386495,0
13-Nov-23,44876.5,85.5262,13.8188,10.399,28.85296326,22.28805974,stormy,0.968506112,0.607702425,0
14-Nov-23,44877.5,85.5262,13.8188,10.4035,28.647107,11.18737124,clear,0.885983077,0.998066107,0
15-Nov-23,44878.5,85.5262,13.8188,10.4048,28.4063318,18.88263308,clear,0.604687524,2.768677567,0
16-Nov-23,44879.5,85.5262,13.8188,10.4159,28.13532032,5.322492927,stormy,1.97327744,0.741150259,0
17-Nov-23,44880.5,85.5262,13.8188,10.4246,27.83857888,12.4531426,clear,0.543974646,2.642139803,1
18-Nov-23,44881.5,85.5262,13.8188,10.4335,27.52488199,12.03419636,cloudy,0.980080413,0.944508095,0
19-Nov-23,44882.5,85.5262,13.8188,10.4436,27.20996935,15.86968857,clear,0.809786194,2.654462116,0
20-Nov-23,44883.5,85.5262,13.8188,10.451,26.89751831,6.454725236,stormy,0.340498852,1.845054908,1
21-Nov-23,44884.5,85.5262,13.8188,10.4736,26.58671848,20.80262747,clear,0.405237638,2.695516686,1
22-Nov-23,44885.5,85.5262,13.8188,10.4953,26.28380217,9.355616035,stormy,1.836605484,0.879259112,1
23-Nov-23,44886.5,85.5262,13.8188,10.4917,25.98275053,18.5407563,cloudy,1.716559446,2.405091378,1
24-Nov-23,44887.5,85.5262,13.8188,10.4924,25.68934245,21.06424246,cloudy,0.398088612,2.20174649,1
25-Nov-23,44888.5,85.5262,13.8188,10.4977,25.40486441,16.23753912,stormy,1.751325248,1.857333468,1
26-Nov-23,44889.5,85.5262,13.8188,10.5015,25.13135146,19.81766413,cloudy,0.41837226,2.526468361,0
27-Nov-23,44890.5,85.5262,13.8188,10.4936,24.86864089,18.23720624,cloudy,1.253092643,2.120690061,0
28-Nov-23,44891.5,85.5262,13.8188,10.4995,24.6181588,12.11059594,clear,0.162561047,2.692617312,0
29-Nov-23,44892.5,85.5262,13.8188,10.492,24.38185183,21.17717078,cloudy,1.760739253,1.452655367,0
30-Nov-23,44893.5,85.5262,13.8188,10.4867,24.16128504,10.8940274,stormy,0.103000599,1.974807946,1
01-Dec-23,44894.5,85.5262,13.8188,10.4771,23.95527924,16.42425836,cloudy,1.109885779,2.676502106,1
02-Dec-23,44895.5,85.5262,13.8188,10.4914,23.7616716,19.90795478,clear,1.55942305,1.03703516,0
03-Dec-23,44896.5,85.5262,13.8188,10.4911,23.58163419,12.5791182,stormy,0.233669473,1.714353392,1
04-Dec-23,44897.5,85.5262,13.8188,10.4709,23.41464146,11.05535215,cloudy,0.808960535,2.901854554,1
05-Dec-23,44898.5,85.5262,13.8188,10.46,23.25419595,14.1869202,cloudy,0.083900303,1.684004504,0
06-Dec-23,44899.5,85.5262,13.8188,10.455,23.10324245,21.35926989,cloudy,1.365505155,1.132073613,0
07-Dec-23,44900.5,85.5262,13.8188,10.4721,22.95882612,23.59843526,stormy,0.61489919,1.377690597,0
08-Dec-23,44901.5,85.5262,13.8188,10.4805,22.81468694,15.90166826,clear,1.118790489,2.712710298,0
09-Dec-23,44902.5,85.5262,13.8188,10.4616,22.67108768,18.22932411,stormy,1.865464541,2.887207597,0
10-Dec-23,44903.5,85.5262,13.8188,10.4742,22.52579985,23.06547244,stormy,0.611716216,2.875269107,0
11-Dec-23,44904.5,85.5262,13.8188,10.4572,22.37694508,6.970937028,clear,0.097254943,2.24735598,0
12-Dec-23,44905.5,85.5262,13.8188,10.4623,22.22739986,9.641571557,stormy,1.351255535,1.774004722,0
13-Dec-23,44906.5,85.5262,13.8188,10.4585,22.07271163,19.17800013,stormy,1.573682269,0.956722337,1
14-Dec-23,44907.5,85.5262,13.8188,10.4567,21.90486562,21.47488924,cloudy,1.91573712,0.80805253,0
15-Dec-23,44908.5,85.5262,13.8188,10.4597,21.72667066,22.14058057,stormy,0.315601754,0.649416519,1
16-Dec-23,44909.5,85.5262,13.8188,10.4595,21.53532606,13.30214354,cloudy,0.78427985,0.544287274,0
17-Dec-23,44910.5,85.5262,13.8188,10.4826,21.32737865,6.786798046,stormy,1.68828092,2.695291805,1
18-Dec-23,44911.5,85.5262,13.8188,10.5015,21.10156329,13.75562955,cloudy,1.613742787,2.52271579,0
19-Dec-23,44912.5,85.5262,13.8188,10.5057,20.85892219,9.614691804,cloudy,1.249591415,1.919553451,0
20-Dec-23,44913.5,85.5262,13.8188,10.5214,20.59650659,10.8239291,cloudy,0.53873709,2.996808136,0
21-Dec-23,44914.5,85.5262,13.8188,10.5355,20.31131943,20.44535114,clear,0.568070581,2.882630181,0
22-Dec-23,44915.5,85.5262,13.8188,10.5322,20.00397165,6.510541721,stormy,0.248005989,2.137772427,0
23-Dec-23,44916.5,85.5262,13.8188,10.5389,19.67224973,21.55162435,stormy,1.843707348,1.661436418,1
24-Dec-23,44917.5,85.5262,13.8188,10.5326,19.31236055,13.55338172,stormy,0.345863029,0.88042679,0
25-Dec-23,44918.5,85.5262,13.8188,10.5276,18.9273171,16.92127862,clear,1.145773202,1.788984513,0
26-Dec-23,44919.5,85.5262,13.8188,10.5385,18.51545026,6.793044625,cloudy,1.168702834,0.894359182,0
27-Dec-23,44920.5,85.5262,13.8188,10.5433,18.07893262,11.74718157,stormy,0.739210882,1.496128261,1
28-Dec-23,44921.5,85.5262,13.8188,10.5542,17.62167701,6.79401838,clear,0.705036922,2.856620271,1
29-Dec-23,44922.5,85.5262,13.8188,10.5565,17.14487896,24.23087446,clear,1.337176837,1.354947473,1
30-Dec-23,44923.5,85.5262,13.8188,10.5666,16.65182721,21.14523299,stormy,0.776595556,0.881968184,1
31-Dec-23,44924.5,85.5262,13.8188,10.5728,16.15022027,14.19265509,cloudy,0.510230787,1.955991511,1
01-Jan-24,44925.5,85.5262,13.8188,10.555,15.64415504,9.472050966,clear,0.798263405,2.005910435,1
